Flood_ID,DisNo.,Historic,Classification Key,Disaster Group,Disaster Subgroup,Disaster Type,Disaster Subtype,External IDs,Event Name,ISO,Country,Subregion,Region,Location,Origin,Associated Types,OFDA/BHA Response,Appeal,Declaration,AID Contribution ('000 US$),Magnitude,Magnitude Scale,Latitude,Longitude,River Basin,Total Deaths,No. Injured,No. Affected,No. Homeless,Total Affected,Reconstruction Costs ('000 US$),"Reconstruction Costs, Adjusted ('000 US$)",Insured Damage ('000 US$),"Insured Damage, Adjusted ('000 US$)",Total Damage ('000 US$),"Total Damage, Adjusted ('000 US$)",CPI,Admin Units,GADM Admin Units,Entry Date,Last Update,Start Date,End Date,Duration
1,2026-0088-SYR,No,nat-hyd-flo-flo,Natural,Hydrological,Flood,Flood (General),,,SYR,Syrian Arab Republic,Western Asia,Asia,"Idleb, Lattaquié, Hama",Heavy rain,,No,No,No,,,Km2,,,,3.0,5.0,4500.0,,4505.0,,,,,,,,,,2026-02-11,2026-02-16,2026-02-08,2026-02-10,2
2,2026-0075-IDN,No,nat-hyd-flo-fla,Natural,Hydrological,Flood,Flash flood,,,IDN,Indonesia,South-eastern Asia,Asia,Greater Jakarta area and the Indramayu regency (Java Isl.),Heavy rain,,No,No,No,,,Km2,,,"Cilanang, Srenseng and Medana rivers",,,20600.0,,20600.0,,,,,,,,,,2026-02-04,2026-02-16,2026-01-28,2026-02-03,6
3,2026-0084-COL,No,nat-hyd-flo-flo,Natural,Hydrological,Flood,Flood (General),GLIDE:FL-2026-000017,,COL,Colombia,Latin America and the Caribbean,Americas,"Cordoba, Sucre, Cauca, La Guajira, Chocó, and Antioquia, Narino, departments",Torrential rain,,No,No,No,,,Km2,,,Sinu river,44.0,,216000.0,,216000.0,,,,,,,,,,2026-02-11,2026-02-16,2026-01-26,2026-02-11,16
4,2026-0033-TUN,No,nat-hyd-flo-flo,Natural,Hydrological,Flood,Flood (General),GLIDE:FL-2026-000006|GLIDE:FL-2026-000008,,TUN,Tunisia,Northern Africa,Africa,"Laghouat, Blida, Djelfa, Mascara, El Bayadh, Boumerdes, Tunis, Ariana, Manouba, Ben Arous, Bizerte,Nabeul, Sousse, Monastir, Mahdia, Sfax, Béja, Jendouba, and Kef",Heavy rain,,No,No,No,,,Km2,,,,5.0,,25000.0,,25000.0,,,,,,,,,,2026-01-26,2026-02-04,2026-01-18,2026-01-21,3
5,2026-0033-DZA,No,nat-hyd-flo-flo,Natural,Hydrological,Flood,Flood (General),GLIDE:FL-2026-000006|GLIDE:FL-2026-000008,,DZA,Algeria,Northern Africa,Africa,"Laghouat, Blida, Djelfa, Mascara, El Bayadh, Boumerdes, Relizane, Chlef, Alger, Tiaret, Tissemsilt, Médéa, Tipaza, and Aïn Defla provinces",Heavy rain,,No,No,No,,,Km2,,,,1.0,,6000.0,,6000.0,,,,,,,,,,2026-01-26,2026-02-04,2026-01-18,2026-01-20,2
6,2026-0007-IDN,No,nat-hyd-flo-fla,Natural,Hydrological,Flood,Flash flood,,,IDN,Indonesia,South-eastern Asia,Asia,"Sitaro Islands regency (Celebes, North Sulawesi province); Sumbawa, North Sulawesi, and Halmahera Island",Heavy rains,,No,No,No,,,Km2,,,,16.0,22.0,682.0,,704.0,,,,,,,,,,2026-01-07,2026-02-16,2026-01-06,2026-01-08,2
7,2026-0006-AFG,No,nat-hyd-flo-fla,Natural,Hydrological,Flood,Flash flood,,,AFG,Afghanistan,Southern Asia,Asia,"Herat, Badghis, and Faryab provinces",Heavy rain,,No,No,No,,,Km2,,,,17.0,11.0,14700.0,,14711.0,,,,,,,,,,2026-01-07,2026-02-16,2026-01-02,2026-01-04,2
8,2026-0048-ZWE,No,nat-hyd-flo-flo,Natural,Hydrological,Flood,Flood (General),,,ZWE,Zimbabwe,Sub-Saharan Africa,Africa,"Masvingo, Manicaland, Midlands, and Mashonaland East provinces",Heavy rains,,No,No,No,,,Km2,,,,83.0,,,6500.0,6500.0,,,,,,,,,,2026-01-29,2026-02-12,2026-01-01,2026-01-26,25
9,2025-1068-USA,No,nat-hyd-flo-flo,Natural,Hydrological,Flood,Flood (General),,,USA,United States of America,Northern America,Americas,"Santa Barbara, Ventura, Los Angeles, and San Bernardino counties (California)","Heavy rains, phénomène 'rivière atmosphérique' (Pineapple Express - Ananas Express)",Storm,No,No,Yes,,,Km2,,,,4.0,,,,,,,,,100000.0,,,,"[{""gid_2"":""USA.5.19_1"",""name_2"":""Los Angeles""},{""gid_2"":""USA.5.36_1"",""name_2"":""San Bernardino""},{""gid_2"":""USA.5.42_1"",""name_2"":""Santa Barbara""},{""gid_2"":""USA.5.56_1"",""name_2"":""Ventura""}]",2026-01-02,2026-01-27,2025-12-23,2025-12-25,2
10,2025-1061-IDN,No,nat-hyd-flo-flo,Natural,Hydrological,Flood,Flood (General),,,IDN,Indonesia,South-eastern Asia,Asia,"West Nusa Tenggara, North Sulawesi, North Sumatra, and East Java provinces",Heavy rain,,No,No,No,,,Km2,,,,,,2000.0,,2000.0,,,,,,,,,"[{""gid_1"":""IDN.11_1"",""name_1"":""Jawa Timur""},{""gid_1"":""IDN.20_1"",""name_1"":""Nusa Tenggara Barat""},{""gid_1"":""IDN.29_1"",""name_1"":""Sulawesi Utara""},{""gid_1"":""IDN.32_1"",""name_1"":""Sumatera Utara""}]",2025-12-23,2026-01-15,2025-12-21,2025-12-23,2
11,2025-1053-IDN,No,nat-hyd-flo-flo,Natural,Hydrological,Flood,Flood (General),,,IDN,Indonesia,South-eastern Asia,Asia,"Sampang, Jember Regencies ; Banyuwangi, (Java); Banjar Regencies (Kalimantan)",Heavy rain,,No,No,No,,,Km2,,,,,,15745.0,,15745.0,,,,,,,,,"[{""gid_2"":""IDN.11.2_1"",""name_2"":""Banyuwangi""},{""gid_2"":""IDN.11.31_1"",""name_2"":""Sampang""},{""gid_2"":""IDN.11.8_1"",""name_2"":""Jember""},{""gid_2"":""IDN.13.3_1"",""name_2"":""Banjar""}]",2025-12-18,2026-01-15,2025-12-16,2025-12-18,2
12,2025-1063-IRN,No,nat-hyd-flo-flo,Natural,Hydrological,Flood,Flood (General),GLIDE:FF-2025-000225,,IRN,Iran (Islamic Republic of),Southern Asia,Asia,"Ardabil, Azarbayejan Sharghi, Bushehr, Chaharmahal and Bakhtiari, Esfahan, Fars, Ghom, Golestan, Hamedan, Hormozgan, Kerman, Khorasan Jonoubi, Khorasan Razavi, Khorasan Shomali, Khuzestan, Kohgiluyeh va boyerahma, Kurdistan, Markazi, Mazandaran, Semnan, Sistan-o baluchestan, Yazd, Zanjan",,Flood|Lightening,No,No,No,,,Km2,,,,7.0,19.0,42112.0,,42131.0,,,,,,,,,"[{""gid_1"":""IRN.10_1"",""name_1"":""Hamadan""},{""gid_1"":""IRN.11_1"",""name_1"":""Hormozgan""},{""gid_1"":""IRN.13_1"",""name_1"":""Kerman""},{""gid_1"":""IRN.15_1"",""name_1"":""Khuzestan""},{""gid_1"":""IRN.16_1"",""name_1"":""Kohgiluyeh and Buyer Ahmad""},{""gid_1"":""IRN.17_1"",""name_1"":""Kordestan""},{""gid_1"":""IRN.19_1"",""name_1"":""Markazi""},{""gid_1"":""IRN.20_1"",""name_1"":""Mazandaran""},{""gid_1"":""IRN.21_1"",""name_1"":""North Khorasan""},{""gid_1"":""IRN.23_1"",""name_1"":""Qom""},{""gid_1"":""IRN.24_1"",""name_1"":""Razavi Khorasan""},{""gid_1"":""IRN.25_1"",""name_1"":""Semnan""},{""gid_1"":""IRN.26_1"",""name_1"":""Sistan and Baluchestan""},{""gid_1"":""IRN.27_1"",""name_1"":""South Khorasan""},{""gid_1"":""IRN.2_1"",""name_1"":""Ardebil""},{""gid_1"":""IRN.30_1"",""name_1"":""Yazd""},{""gid_1"":""IRN.31_1"",""name_1"":""Zanjan""},{""gid_1"":""IRN.3_1"",""name_1"":""Bushehr""},{""gid_1"":""IRN.4_1"",""name_1"":""Chahar Mahall and Bakhtiari""},{""gid_1"":""IRN.5_1"",""name_1"":""East Azarbaijan""},{""gid_1"":""IRN.6_1"",""name_1"":""Esfahan""},{""gid_1"":""IRN.7_1"",""name_1"":""Fars""},{""gid_1"":""IRN.9_1"",""name_1"":""Golestan""}]",2025-12-23,2026-01-15,2025-12-15,2025-12-22,7
13,2025-1048-MAR,No,nat-hyd-flo-fla,Natural,Hydrological,Flood,Flash flood,GLIDE:FF-2025-000223,,MAR,Morocco,Northern Africa,Africa,Safi province (Marrakesh-Safi region); Tinghir province (Drâa-Tafilalet region),Heavy rain,,No,No,No,,,Km2,,,,52.0,38.0,2800.0,,2838.0,,,,,,,,,,2025-12-17,2026-01-06,2025-12-14,2025-12-14,0
14,2025-1047-MYS,No,nat-hyd-flo-flo,Natural,Hydrological,Flood,Flood (General),,,MYS,Malaysia,South-eastern Asia,Asia,Terengganu and Pahang,Heavy rain,,No,No,No,,,Km2,,,,,,2103.0,,2103.0,,,,,,,,,,2025-12-17,2025-12-19,2025-12-14,2025-12-17,3
15,2025-1050-BOL,No,nat-hyd-flo-riv,Natural,Hydrological,Flood,Riverine flood,,,BOL,Bolivia (Plurinational State of),Latin America and the Caribbean,Americas,"El Torno, La Guardia and Cotoca municipalities (Santa Cruz department); Beni, Cochabamba",Heavy rains,"Slide (land, mud, snow, rock)",No,No,No,,,Km2,,,Piraí and Espejos rivers,30.0,142.0,10500.0,,10642.0,,,,,36000.0,,,,,2025-12-17,2025-12-19,2025-12-12,2025-12-16,4
16,2025-1040-IRQ,No,nat-hyd-flo-flo,Natural,Hydrological,Flood,Flood (General),GLIDE:FF-2025-000222,,IRQ,Iraq,Western Asia,Asia,"Ninawa, Sulaymaniyah, Erbil, and Kirkuk governorates",,,No,No,No,,,Km2,,,,6.0,19.0,16230.0,,16249.0,,,,,,,,,,2025-12-11,2026-01-06,2025-12-09,2025-12-12,3
17,2025-0996-MYS,No,nat-hyd-flo-fla,Natural,Hydrological,Flood,Flash flood,GLIDE:FL-2025-000211,,MYS,Malaysia,South-eastern Asia,Asia,"Sabah, Sarawak Kelantan, Perlis, Perak, Selangor, Kedah, Penang, Terengganu, and Pahang states",Torrential rain,,No,No,No,,,Km2,,,,3.0,,18700.0,,18700.0,,,,,,,,,,2025-11-27,2025-12-12,2025-11-22,2025-12-03,11
18,2025-0979-THA,No,nat-hyd-flo-flo,Natural,Hydrological,Flood,Flood (General),GLIDE:FL-2025-000209,,THA,Thailand,South-eastern Asia,Asia,"Phra Nakhon Si Ayutthaya province; Tha Din Daeng subdistrict in Bangkok; Chaiya and Kathu districts (Malay Peninsula); hitsanulok, Nakhon Sawan, Uthai Thani, Sing Buri, Chainat, Ang Thong, Suphan Buri, Pathum Thani, Nonthaburi and Nakhon Pathom provinces; Surat Thani, Nakhon Si Thammarat, Trang, Phatthalung, Satun, Songkhla, Pattani, Yala, Narathiwat Prachuap Khiri Khan, Chumphon, Krabi",Heavy rain,,No,No,No,,,Km2,,,,276.0,5.0,4000000.0,,4000005.0,,,,,15600000.0,,,,,2025-11-21,2025-12-12,2025-11-15,2025-11-27,12
19,2025-0966-COD,No,nat-hyd-flo-flo,Natural,Hydrological,Flood,Flood (General),,,COD,Democratic Republic of the Congo,Sub-Saharan Africa,Africa,Kinshasa capital city area,Heavy rain,,No,No,No,,,Km2,,,"N'djili, Nsanga and Makelele rivers",10.0,153.0,99138.0,,99291.0,,,,,,,,,,2025-11-14,2025-12-02,2025-11-11,2025-11-12,1
20,2025-0936-IDN,No,nat-hyd-flo-fla,Natural,Hydrological,Flood,Flash flood,,,IDN,Indonesia,South-eastern Asia,Asia,Nduga district (Papua province),Torrential rain,,No,No,No,,,Km2,,,,23.0,,23.0,,23.0,,,,,,,,,,2025-11-04,2025-12-05,2025-11-01,2025-11-02,1
21,2025-1007-CRI,No,nat-hyd-flo-flo,Natural,Hydrological,Flood,Flood (General),,,CRI,Costa Rica,Latin America and the Caribbean,Americas,"Alajuela; Cartago; Cuajiniquil, Santa Cruz Veintisiete de Abril, Santa Cruz, Tempate, Santa Cruz, Tamarindo, Nosara, Nicoya (Guanacaste); Sierpe de Osa, Puerto Jiménez, Bahía Drake, Corredor, Corredores, Guaycará, Golfito, Jacó, Garabito (Puntarenas)",Indirect effects of Tropical Storm Melissa,"Slide (land, mud, snow, rock)",No,No,No,,,Km2,,,,,,400000.0,,400000.0,,,,,,,,,,2025-11-28,2026-02-11,2025-10-25,2025-10-31,6
22,2025-0898-HND,No,nat-hyd-flo-flo,Natural,Hydrological,Flood,Flood (General),,,HND,Honduras,Latin America and the Caribbean,Americas,"Francisco Morazán, La Paz, Intibucá, and Lempira departments",Heavy rain,"Slide (land, mud, snow, rock)",No,No,Yes,,,Km2,,,,16.0,,34073.0,,34073.0,,,,,,,,,,2025-10-20,2025-10-24,2025-10-17,2025-10-20,3
23,2025-0865-MEX,No,nat-hyd-flo-flo,Natural,Hydrological,Flood,Flood (General),,,MEX,Mexico,Latin America and the Caribbean,Americas,"Veracruz, Puebla, Hidalgo, San Luis Potosí, and Querétaro states","Heavy rains, remnants of Hurricane Priscilla and Tropical Storm Raymond","Slide (land, mud, snow, rock)",No,No,No,,,Km2,,,,107.0,,211335.0,,211335.0,,,,,,,,,,2025-10-16,2025-10-23,2025-10-06,2025-10-09,3
24,2025-0858-NPL,No,nat-hyd-flo-flo,Natural,Hydrological,Flood,Flood (General),,,NPL,Nepal,Southern Asia,Asia,Ilam district (Koshi province); Jhapa District,,"Slide (land, mud, snow, rock)",No,No,No,,,Km2,,,,57.0,47.0,20295.0,,20342.0,,,,,,,,,,2025-10-07,2025-10-20,2025-10-03,2025-10-05,2
25,2025-0859-IND,No,nat-hyd-flo-flo,Natural,Hydrological,Flood,Flood (General),,,IND,India,Southern Asia,Asia,Darjeeling (West Bengal); Bihar states,Heavy rains,"Slide (land, mud, snow, rock)",No,No,No,,,Km2,,,,32.0,13.0,,2500.0,2513.0,,,,,2200.0,,,,,2025-10-07,2025-10-20,2025-10-03,2025-10-07,4
26,2025-0852-BGR,No,nat-hyd-flo-flo,Natural,Hydrological,Flood,Flood (General),,,BGR,Bulgaria,Eastern Europe,Europe,Elenite (Burgas province),Heavy rains,,No,No,Yes,,,Km2,,,,4.0,,100.0,,100.0,,,,,,,,,,2025-10-03,2025-10-07,2025-10-03,2025-10-03,0
27,2025-0847-KHM,No,nat-hyd-flo-fla,Natural,Hydrological,Flood,Flash flood,,,KHM,Cambodia,South-eastern Asia,Asia,Mondulkiri and Ratanakiri provinces,Heavy rains,,No,No,No,,,Km2,,,,,,67000.0,,67000.0,,,,,,,,,,2025-10-02,2026-01-06,2025-10-01,2025-10-02,1
28,2025-0848-UKR,No,nat-hyd-flo-flo,Natural,Hydrological,Flood,Flood (General),,,UKR,Ukraine,Eastern Europe,Europe,Odesa city (Odesa Oblast),Heavy rains,,No,No,Yes,,,Km2,,,,9.0,,2010.0,,2010.0,,,,,,,,,,2025-10-02,2025-10-06,2025-09-30,2025-09-30,0
29,2025-0878-GEO,No,nat-hyd-flo-flo,Natural,Hydrological,Flood,Flood (General),GLIDE:FL-2025-000185,,GEO,Georgia,Western Asia,Asia,Lagodekhi (Kakheti municipality),Heavy rains,,No,No,No,,,Km2,,,,,,20000.0,,20000.0,,,,,,,,,,2025-10-16,2025-11-04,2025-09-28,2025-10-06,8
30,2025-0798-THA,No,nat-hyd-flo-flo,Natural,Hydrological,Flood,Flood (General),,,THA,Thailand,South-eastern Asia,Asia,"Ayutthaya, Phichit, and Phetchabun",Heavy rain,,No,No,No,,,Km2,,,Chao Praya River basin,4.0,,250000.0,,250000.0,,,,,,,,,,2025-09-26,2025-09-29,2025-09-23,2025-09-24,1
31,2025-0799-IDN,No,nat-hyd-flo-flo,Natural,Hydrological,Flood,Flood (General),,,IDN,Indonesia,South-eastern Asia,Asia,Central Papua and East Java,Heavy rain,"Slide (land, mud, snow, rock)|Storm",No,No,No,,,Km2,,,,1.0,7.0,220.0,,227.0,,,,,,,,,,2025-09-26,2025-09-29,2025-09-19,2025-09-20,1
32,2025-0820-HTI,No,nat-hyd-flo-fla,Natural,Hydrological,Flood,Flash flood,GLIDE:FL-2025-000174,,HTI,Haiti,Latin America and the Caribbean,Americas,"Chansolme, Port-de-Paix communes",Heavy ains,,No,No,No,,,Km2,,,,1.0,1.0,4115.0,,4116.0,,,,,,,,,,2025-09-29,2025-09-30,2025-09-16,2025-09-17,1
33,2025-0803-IND,No,nat-hyd-flo-fla,Natural,Hydrological,Flood,Flash flood,,,IND,India,Southern Asia,Asia,"Dehradun, Champawat, Haridwar, Pauri Garhwal, Bageshwar, Pithoragarh, Nainital, and Udham Singh Nagar districts (Uttarakhand State)",,"Lightening|Slide (land, mud, snow, rock)",No,No,No,,,Km2,,,,33.0,,900.0,,900.0,,,,,,,,,,2025-09-26,2025-09-29,2025-09-15,2025-09-17,2
34,2025-0810-GMB,No,nat-hyd-flo-fla,Natural,Hydrological,Flood,Flash flood,,,GMB,Gambia,Sub-Saharan Africa,Africa,North Bank region,Heavy rain,,No,No,No,,,Km2,,,,8.0,67.0,10700.0,,10767.0,,,,,,,,,,2025-09-26,2025-09-29,2025-09-10,2025-09-11,1
35,2025-0791-MYS,No,nat-hyd-flo-fla,Natural,Hydrological,Flood,Flash flood,,,MYS,Malaysia,South-eastern Asia,Asia,Sarawak and Sabah states (Borneo Island),Heavy rains,"Slide (land, mud, snow, rock)",No,No,No,,,Km2,,,,13.0,,3134.0,,3134.0,,,,,,,,,,2025-09-12,2025-09-29,2025-09-08,2025-09-15,7
36,2025-0783-IDN,No,nat-hyd-flo-flo,Natural,Hydrological,Flood,Flood (General),,,IDN,Indonesia,South-eastern Asia,Asia,"Gianyar, Karangasem, Jembrana, Tabanan, Klungkung, and Badung, with Denpasar (Bali); Flores",Heavy rains,"Slide (land, mud, snow, rock)",No,No,Yes,,,Km2,,,,19.0,,562.0,,562.0,,,,,,,,,,2025-09-12,2025-09-29,2025-09-08,2025-09-12,4
37,2025-0843-SLE,No,nat-hyd-flo-fla,Natural,Hydrological,Flood,Flash flood,GLIDE:FL-2025-000169,,SLE,Sierra Leone,Sub-Saharan Africa,Africa,"Bonthe, Kenema, Bo, Moyamba, Kono, Falaba, and Koinadugu",Heavy rains,,No,No,No,,,Km2,,,,,,11080.0,,11080.0,,,,,,,,,,2025-09-30,2025-12-03,2025-08-31,2025-09-05,5
38,2025-0792-GMB,No,nat-hyd-flo-fla,Natural,Hydrological,Flood,Flash flood,,,GMB,Gambia,Sub-Saharan Africa,Africa,"West Coast region, Lower River regions, and Kanifing Municipality (West Banjul region)",Heavy rains,,No,No,No,,,Km2,,,Upper River and Central River regions,1.0,50.0,10560.0,,10610.0,,,,,,,,,,2025-09-12,2026-02-02,2025-08-30,2025-09-09,10
39,2025-0735-SDN,No,nat-hyd-flo-flo,Natural,Hydrological,Flood,Flood (General),,,SDN,Sudan,Northern Africa,Africa,"River Nile, Sennar States",Heavy rains,,No,No,No,,,Km2,,,,32.0,,10000.0,,10000.0,,,,,,,,,,2025-08-28,2025-09-05,2025-08-27,2025-08-28,1
40,2025-0725-COD,No,nat-hyd-flo-flo,Natural,Hydrological,Flood,Flood (General),,,COD,Democratic Republic of the Congo,Sub-Saharan Africa,Africa,Kalehe territory (South Kivu province),Heavy rain,"Slide (land, mud, snow, rock)",No,No,No,,,Km2,,,,13.0,12.0,,2000.0,2012.0,,,,,,,,,,2025-08-27,2026-02-02,2025-08-25,2025-08-27,2
41,2025-0719-UGA,No,nat-hyd-flo-flo,Natural,Hydrological,Flood,Flood (General),,,UGA,Uganda,Sub-Saharan Africa,Africa,"Bulambuli, Sironko, Mbale districts and Mbale city (Mount Elgon sub-region in Eastern Uganda)",Heavy rain,,No,No,No,,,Km2,,,,5.0,50.0,15000.0,,15050.0,,,,,,,,,,2025-08-26,2026-02-02,2025-08-17,2025-08-19,2
42,2025-0691-CHN,No,nat-hyd-flo-fla,Natural,Hydrological,Flood,Flash flood,,,CHN,China,Eastern Asia,Asia,"Ordos, Bayannnur city (Inner Mongolia autonomous region)",Heavy rain,,No,No,No,,,Km2,,,,18.0,,,,,,,,,,,,,,2025-08-19,2025-08-27,2025-08-16,2025-08-19,3
43,2025-0751-IND,No,nat-hyd-flo-flo,Natural,Hydrological,Flood,Flood (General),,,IND,India,Southern Asia,Asia,Punjab state,Monsoon rain,"Slide (land, mud, snow, rock)",No,No,No,,,Km2,,,,52.0,,400000.0,,400000.0,,,,,,,,,,2025-09-01,2025-09-26,2025-08-15,2025-09-19,35
44,2025-0685-PAK,No,nat-hyd-flo-flo,Natural,Hydrological,Flood,Flood (General),GLIDE:FL-2025-000139,,PAK,Pakistan,Southern Asia,Asia,"Bunner, Bhattagram, Bajur, and Swat districts (Khyber Pakhtunkhwa) Gilgit-Baltistan, Sindh, Azad Jammu and Kashmir provinces",Monsoon rain,,No,No,No,,,Km2,,,,355.0,347.0,20500.0,,20847.0,,,,,,,,,,2025-08-19,2025-12-12,2025-08-15,2025-08-20,5
45,2025-0690-IND,No,nat-hyd-flo-fla,Natural,Hydrological,Flood,Flash flood,,,IND,India,Southern Asia,Asia,Kishtwar (Jammu and Kashmir state),Heavy rain,Lightening,No,No,No,,,Km2,,,,61.0,300.0,,,300.0,,,,,,,,,,2025-08-19,2025-08-27,2025-08-14,2025-08-15,1
46,2025-0687-KOR,No,nat-hyd-flo-flo,Natural,Hydrological,Flood,Flood (General),,,KOR,Republic of Korea,Eastern Asia,Asia,"Incheon, Gimpo, and Pocheon cities (Gyeonggi Province); Seoul",Torrential rainfall,,No,No,No,,,Km2,,,,3.0,,1000.0,,1000.0,,,,,20000.0,,,,,2025-08-19,2026-02-04,2025-08-13,2025-08-19,6
47,2025-0716-CAF,No,nat-hyd-flo-flo,Natural,Hydrological,Flood,Flood (General),,,CAF,Central African Republic,Sub-Saharan Africa,Africa,Moyenne Sido (prefecture of Ouham),Heavy rain,,No,No,No,,,Km2,,,,,,2500.0,,2500.0,,,,,,,,,,2025-08-26,2025-09-01,2025-08-12,2025-08-19,7
48,2025-0667-CPV,No,nat-hyd-flo-fla,Natural,Hydrological,Flood,Flash flood,GLIDE:FL-2025-000147,,CPV,Cabo Verde,Sub-Saharan Africa,Africa,São Vicente and Santo Antão Islands,Heavy rain from tropical depression (Tropical Storm Erin),"Slide (land, mud, snow, rock)",No,No,Yes,,,Km2,,,,17.0,,119000.0,,119000.0,,,,,,,,,,2025-08-12,2025-08-28,2025-08-10,2025-08-11,1
49,2025-0670-CHN,No,nat-hyd-flo-fla,Natural,Hydrological,Flood,Flash flood,,,CHN,China,Eastern Asia,Asia,Yuzhong county (Gansu province),Heavy rain,"Slide (land, mud, snow, rock)",No,No,No,,,Km2,,,,48.0,,181.0,,181.0,,,,,,,,,,2025-08-12,2025-08-20,2025-08-07,2025-08-08,1
50,2025-0663-JPN,No,nat-hyd-flo-flo,Natural,Hydrological,Flood,Flood (General),,,JPN,Japan,Eastern Asia,Asia,"Kagoshima, Toyama, Akita, Ishikawa, Kumamoto, Fukuoaka prefectures",,"Slide (land, mud, snow, rock)",No,No,No,,,Km2,,,,5.0,8.0,2091.0,9.0,2108.0,,,,,100000.0,,,,,2025-08-08,2025-08-20,2025-08-06,2025-08-08,2
51,2025-0653-MMR,No,nat-hyd-flo-fla,Natural,Hydrological,Flood,Flash flood,,,MMR,Myanmar,South-eastern Asia,Asia,Laiza,Heavy rain,,No,No,No,,,Km2,,,,6.0,,,580.0,580.0,,,,,,,,,,2025-08-06,2025-08-08,2025-08-04,2025-08-06,2
52,2025-0647-GNQ,No,nat-hyd-flo-flo,Natural,Hydrological,Flood,Flood (General),GLIDE:FL-2025-000145,,GNQ,Equatorial Guinea,Sub-Saharan Africa,Africa,Malabo (Bioko Norte province) and Luba (Bioko Sur province),Heavy rain,,No,No,No,,,Km2,,,,,,23155.0,,23155.0,,,,,,,,,,2025-08-05,2025-09-01,2025-08-02,2025-08-05,3
53,2025-0642-TWN,No,nat-hyd-flo-flo,Natural,Hydrological,Flood,Flood (General),,,TWN,Taiwan (Province of China),Eastern Asia,Asia,,Torrential rain due to Co-may typhoon,"Slide (land, mud, snow, rock)",No,No,No,,,Km2,,,,7.0,77.0,5900.0,,5977.0,,,,,,,,,,2025-08-04,2025-08-08,2025-07-28,2025-08-04,7
54,2025-0632-ROU,No,nat-hyd-flo-flo,Natural,Hydrological,Flood,Flood (General),,,ROU,Romania,Eastern Europe,Europe,"Suceava, Neamt counties",Heavy rain,,No,No,No,,,Km2,,,,3.0,,2500.0,,2500.0,,,,,,,,,,2025-07-30,2025-07-31,2025-07-28,2025-07-28,0
55,2025-0626-NGA,No,nat-hyd-flo-fla,Natural,Hydrological,Flood,Flash flood,,,NGA,Nigeria,Sub-Saharan Africa,Africa,Yola (Adamawa State),Heavy rain,,No,No,No,,,Km2,,,,36.0,20.0,5560.0,,5580.0,,,,,,,,,,2025-07-30,2025-07-31,2025-07-27,2025-07-27,0
56,2025-0623-CHN,No,nat-hyd-flo-flo,Natural,Hydrological,Flood,Flood (General),,,CHN,China,Eastern Asia,Asia,"Yanqing, Beijing, Hebei province, Shanxi province, Shandong province.",Heavy rain,,No,No,No,,,Km2,,,,91.0,,300000.0,,300000.0,,,500000.0,,5800000.0,,,,,2025-07-30,2026-01-13,2025-07-23,2025-07-29,6
57,2025-0480-HKG,No,nat-hyd-flo-flo,Natural,Hydrological,Flood,Flood (General),,,HKG,"China, Hong Kong Special Administrative Region",Eastern Asia,Asia,,,Flood,No,No,No,,,Km2,,,,,,,,,,,,,,,,,,2025-07-22,2025-07-22,2025-07-20,2025-07-20,0
58,2025-0589-LAO,No,nat-hyd-flo-flo,Natural,Hydrological,Flood,Flood (General),GLIDE:FL-2025-000126,,LAO,Lao People's Democratic Republic,South-eastern Asia,Asia,"Vientiane, Bolikhamxay, Luang Prabang, Xayaboury, Xieng Khouang, Huaphan, Xaysomboun, Khammouane, and Bokeo",Heavy and prolonged rainfall,,No,No,No,,,Km2,,,,13.0,,172010.0,,172010.0,,,,,13060.0,,,,,2025-07-18,2025-08-29,2025-07-16,2025-08-04,19
59,2025-0573-KOR,No,nat-hyd-flo-flo,Natural,Hydrological,Flood,Flood (General),,,KOR,Republic of Korea,Eastern Asia,Asia,"South Chungcheong , Naju, Gwangju, Seoul, Honseong, and Gyeonggi Provinces",Torrential rain,"Slide (land, mud, snow, rock)",No,No,No,,,Km2,,,,28.0,,14575.0,,14575.0,,,,,740000.0,,,,,2025-07-18,2026-02-04,2025-07-16,2025-07-21,5
60,2025-0587-MEX,No,nat-hyd-flo-flo,Natural,Hydrological,Flood,Flood (General),,,MEX,Mexico,Latin America and the Caribbean,Americas,La Martinica (Jalisco State),Torrential rain,"Slide (land, mud, snow, rock)",No,No,No,,,Km2,,,,1.0,12.0,432.0,,444.0,,,,,,,,,,2025-07-18,2025-07-18,2025-07-15,2025-07-15,0
61,2025-0562-USA,No,nat-hyd-flo-fla,Natural,Hydrological,Flood,Flash flood,,,USA,United States of America,Northern America,Americas,"New York; Middlesex, Union, and Somerset (New Jersey); Washington DC, Petersburg (Virginia); Maryland, for Lancaster County (Pennsylvania)",Heavy rains,Lightening,No,No,Yes,,,Km2,,,,2.0,,,,,,,,,,,,,,2025-07-15,2025-07-18,2025-07-11,2025-07-15,4
62,2025-0498-USA,No,nat-hyd-flo-fla,Natural,Hydrological,Flood,Flash flood,,,USA,United States of America,Northern America,Americas,Ruidoso (New Mexico),Torrential rain,,No,No,Yes,,,Km2,,,Rio Ruidoso river,7.0,3.0,600.0,,603.0,,,,,80000.0,,,,,2025-07-09,2026-01-27,2025-07-08,2025-07-08,0
63,2025-0502-BGD,No,nat-hyd-flo-flo,Natural,Hydrological,Flood,Flood (General),,,BGD,Bangladesh,Southern Asia,Asia,"Feni, Cumilla, Banderban, Lakshmipur and Barishal",Monsoonal rain,,No,No,No,,,Km2,,,,,,15350.0,,15350.0,,,,,,,,,,2025-07-10,2025-07-14,2025-07-07,2025-07-10,3
64,2025-0509-IDN,No,nat-hyd-flo-flo,Natural,Hydrological,Flood,Flood (General),,,IDN,Indonesia,South-eastern Asia,Asia,"Bogor, West Java and East Jakarta",Heavy rainfall and overflow of rivers,"Slide (land, mud, snow, rock)",No,No,No,,,Km2,,,,4.0,3.0,1362.0,,1365.0,,,,,,,,,,2025-07-11,2026-02-04,2025-07-05,2025-07-06,1
65,2025-0467-USA,No,nat-hyd-flo-fla,Natural,Hydrological,Flood,Flash flood,,,USA,United States of America,Northern America,Americas,Kerr county (Texas),Remnants from Tropical Storm Barry.,,No,No,Yes,,,Km2,,,Guadalupe,138.0,,850.0,,850.0,,,,,1100000.0,,,,,2025-07-07,2026-01-27,2025-07-04,2025-07-07,3
66,2025-0517-AFG,No,nat-hyd-flo-flo,Natural,Hydrological,Flood,Flood (General),,,AFG,Afghanistan,Southern Asia,Asia,Maidan Wardak and Logar provinces,Heavy rains,,No,No,No,,,Km2,,,,4.0,4.0,2000.0,,2004.0,,,,,,,,,,2025-07-11,2026-02-04,2025-06-30,2025-07-04,4
67,2025-0416-PAK,No,nat-hyd-flo-fla,Natural,Hydrological,Flood,Flash flood,GLIDE:FL-2025-000100|GLIDE:FL-2025-000139,,PAK,Pakistan,Southern Asia,Asia,"Khyber Pakhtunkhwa, Punjab, Azad Jammu and Kashmir, Sindh, and Balochistan",Monsoonal rain,,No,No,No,,,Km2,,,Swat river,1037.0,1067.0,6900000.0,,6901067.0,,,,,3000000.0,,,,,2025-06-30,2025-12-05,2025-06-26,2025-09-11,77
68,2025-0469-IND,No,nat-hyd-flo-fla,Natural,Hydrological,Flood,Flash flood,,,IND,India,Southern Asia,Asia,"Himachal Pradesh, Uttarakhand",Monsoonal rains,"Slide (land, mud, snow, rock)",No,No,No,,,Km2,,,,140.0,74.0,80000.0,,80074.0,,,,,,,,,,2025-07-07,2025-07-16,2025-06-20,2025-07-07,17
69,2025-0437-COD,No,nat-hyd-flo-fla,Natural,Hydrological,Flood,Flash flood,,,COD,Democratic Republic of the Congo,Sub-Saharan Africa,Africa,"Ngaliema, Masina, Lemba, Matete communes (Kinshasa)",Torrential rain,,No,No,No,,,Km2,,,,30.0,44.0,75380.0,5155.0,80579.0,,,,,,,,,,2025-07-02,2025-07-16,2025-06-14,2025-06-16,2
70,2025-0443-ZAF,No,nat-hyd-flo-flo,Natural,Hydrological,Flood,Flood (General),,,ZAF,South Africa,Sub-Saharan Africa,Africa,Eastern Cape and KwaZulu-Natal provinces,Heavy rain,"Slide (land, mud, snow, rock)",No,No,No,,,Km2,,,,88.0,,1000.0,,1000.0,,,,,,,,,,2025-07-02,2025-07-14,2025-06-09,2025-06-20,11
71,2025-0434-USA,No,nat-hyd-flo-fla,Natural,Hydrological,Flood,Flash flood,,,USA,United States of America,Northern America,Americas,San Antonio (Texas),Heavy rain,,No,No,No,,,Km2,,,,7.0,4.0,70.0,,74.0,,,,,1250000.0,,,,,2025-07-02,2026-01-27,2025-06-08,2025-06-14,6
72,2025-0482-VNM,No,nat-hyd-flo-flo,Natural,Hydrological,Flood,Flood (General),,,VNM,Viet Nam,South-eastern Asia,Asia,"Lai Châu, Hà Giang, and Lào Cai",Heavy rains,"Slide (land, mud, snow, rock)",No,No,No,,,Km2,,,,3.0,,690.0,,690.0,,,,,,,,,,2025-07-08,2025-07-14,2025-06-07,2025-06-11,4
73,2025-0480-PHL,No,nat-hyd-flo-flo,Natural,Hydrological,Flood,Flood (General),,,PHL,Philippines,South-eastern Asia,Asia,Zamboanga Peninsula region (Mindanao) and Luzon islands,Heavy rain,,No,No,No,,,Km2,,,,,,192.0,,192.0,,,,,,,,,,2025-07-08,2025-07-14,2025-06-07,2025-06-09,2
74,2025-0402-IND,No,nat-hyd-flo-flo,Natural,Hydrological,Flood,Flood (General),,,IND,India,Southern Asia,Asia,"Assam, Arunachal Pradesh, Mizoram, Manipur, Sikkim, Meghalaya Nagaland, Tripura, Meghalaya states",Monsoonal rain,"Slide (land, mud, snow, rock)",No,No,No,,,Km2,,,,50.0,,1441247.0,,1441247.0,,,,,,,,,,2025-06-02,2025-07-14,2025-05-31,2025-06-01,1
75,2025-0404-NGA,No,nat-hyd-flo-flo,Natural,Hydrological,Flood,Flood (General),,,NGA,Nigeria,Sub-Saharan Africa,Africa,Mokwa city (Niger state),Heavy rain,,No,No,No,,,Km2,,,,207.0,121.0,3000.0,5000.0,8121.0,,,,,,,,,,2025-06-02,2025-07-16,2025-05-29,2025-06-02,4
76,2025-0395-THA,No,nat-hyd-flo-flo,Natural,Hydrological,Flood,Flood (General),,,THA,Thailand,South-eastern Asia,Asia,,Heavy rains,,No,No,No,,,Km2,,,,,,600.0,,600.0,,,,,,,,,,2025-05-26,2025-07-14,2025-05-24,2025-05-24,0
77,2025-0363-IDN,No,nat-hyd-flo-flo,Natural,Hydrological,Flood,Flood (General),,,IDN,Indonesia,South-eastern Asia,Asia,Arfak Mountains Regency (West Papua),Heavy rain,"Slide (land, mud, snow, rock)",No,No,No,,,Km2,,,,20.0,4.0,,,4.0,,,,,,,,,,2025-05-19,2025-07-18,2025-05-16,2025-05-16,0
78,2025-0402-BGD,No,nat-hyd-flo-flo,Natural,Hydrological,Flood,Flood (General),,,BGD,Bangladesh,Southern Asia,Asia,"Sylhet, Sunamganj, Moulvibazar, Netrokona, Khagrachari, Habiganj, Noakhali, Bhola, Bandarban, and Rangamati.",Heavy rains,"Slide (land, mud, snow, rock)",No,No,No,,,Km2,,,,5.0,,,,,,,,,,,,,,2025-07-08,2025-07-14,2025-05-15,2025-06-01,17
79,2025-0373-TZA,No,nat-hyd-flo-flo,Natural,Hydrological,Flood,Flood (General),,,TZA,United Republic of Tanzania,Sub-Saharan Africa,Africa,"Kyela, Rungwe, and Ileje districts (Mbeya Region)",Heavy rains,,No,No,No,,,Km2,,,,26.0,,3150.0,,3150.0,,,,,,,,,,2025-05-16,2025-05-26,2025-05-14,2025-05-15,1
80,2025-0370-DZA,No,nat-hyd-flo-flo,Natural,Hydrological,Flood,Flood (General),GLIDE:FL-2025-000068-DZA,,DZA,Algeria,Northern Africa,Africa,"Laghouat, Tiaret, Djelfa, M'Sila",Torrential rain,Lightening|Storm,No,No,No,,,Km2,,,,5.0,100.0,1250.0,,1350.0,,,,,,,,,,2025-05-16,2025-12-05,2025-05-14,2025-05-16,2
81,2025-0360-THA,No,nat-hyd-flo-flo,Natural,Hydrological,Flood,Flood (General),,,THA,Thailand,South-eastern Asia,Asia,"Nakhon Sawan, Phichit, Phitsanulok, Phetchabun, Kalasin, Amnat Charoen, Nakhon Ratchasima, and Sa Kaeo provinces",Heavy rains,"Slide (land, mud, snow, rock)|Storm",No,No,No,,,Km2,,,,1.0,,1244.0,,1244.0,,,,,,,,,,2025-05-14,2025-05-16,2025-05-14,2025-05-14,0
82,2025-0346-SOM,No,nat-hyd-flo-flo,Natural,Hydrological,Flood,Flood (General),,,SOM,Somalia,Sub-Saharan Africa,Africa,"Kahda and Daynile districts; Mogadiscio (Banaadir region); Balcad and Jowhar in Hirshabelle State, and Gaalkacyo in Mudug region and Afgooye (South West State); Puntland State",Torrential rain,,No,No,No,,,Km2,,,,14.0,10.0,84000.0,,84010.0,,,,,,,,,,2025-05-12,2025-05-16,2025-05-09,2025-05-10,1
83,2025-0347-COD,No,nat-hyd-flo-flo,Natural,Hydrological,Flood,Flood (General),,,COD,Democratic Republic of the Congo,Sub-Saharan Africa,Africa,Kasaba (South Kivu),Heavy rains,"Slide (land, mud, snow, rock)",No,No,No,,,Km2,,,"Kasaba river, Tanganyika lake",154.0,28.0,10000.0,,10028.0,,,,,,,,,,2025-05-12,2025-05-16,2025-05-08,2025-05-09,1
84,2025-0297-IDN,No,nat-hyd-flo-flo,Natural,Hydrological,Flood,Flood (General),,,IDN,Indonesia,South-eastern Asia,Asia,Lampung Province (southern Sumatra),,,No,No,No,,,Km2,,,,3.0,,12000.0,,12000.0,,,,,,,,,,2025-04-28,2025-05-06,2025-04-28,2025-04-28,0
85,2025-0306-SOM,No,nat-hyd-flo-fla,Natural,Hydrological,Flood,Flash flood,GLIDE:FF-2025-000055,,SOM,Somalia,Sub-Saharan Africa,Africa,"Puntland and South West States; Jowhar district, Middle Shabelle region",Heavy rains,,No,No,No,,,Km2,,,Shabelle and Juba rivers,4.0,,45000.0,,45000.0,,,,,,,,,,2025-04-28,2025-05-06,2025-04-15,2025-04-30,15
86,2025-0273-COD,No,nat-hyd-flo-flo,Natural,Hydrological,Flood,Flood (General),,,COD,Democratic Republic of the Congo,Sub-Saharan Africa,Africa,Tanganyika Province,Heavy rains,,No,No,No,,,Km2,,,Rugumba River,2.0,15.0,8815.0,,8830.0,,,,,,,,,,2025-04-17,2025-07-16,2025-04-11,2025-04-11,0
87,2025-0245-COD,No,nat-hyd-flo-flo,Natural,Hydrological,Flood,Flood (General),GLIDE:FL-2025-000045,,COD,Democratic Republic of the Congo,Sub-Saharan Africa,Africa,Kinshasa capital city,,"Slide (land, mud, snow, rock)",No,No,No,,,Km2,,,Ndjili river,165.0,28.0,82696.0,,82724.0,,,,,,,,,,2025-04-14,2025-07-16,2025-04-04,2025-04-11,7
88,2025-0265-BRA,No,nat-hyd-flo-flo,Natural,Hydrological,Flood,Flood (General),,,BRA,Brazil,Latin America and the Caribbean,Americas,"Petrópolis, Angra dos Reis, São Paulo, Rio de Janeiro",Heavy rains,"Slide (land, mud, snow, rock)",No,No,Yes,,,Km2,,,,,,380.0,,380.0,,,,,,,,,,2025-04-15,2025-04-17,2025-04-03,2025-04-05,2
89,2025-0255-IDN,No,nat-hyd-flo-flo,Natural,Hydrological,Flood,Flood (General),,,IDN,Indonesia,South-eastern Asia,Asia,"Sulawesi, north Sumatra, north Maluku and east Java,",Heavy rains,"Slide (land, mud, snow, rock)",No,No,No,,,Km2,,,,10.0,,6665.0,,6665.0,,,,,,,,,,2025-04-14,2025-04-18,2025-04-01,2025-04-07,6
90,2025-0230-HRV,No,nat-hyd-flo-flo,Natural,Hydrological,Flood,Flood (General),,,HRV,Croatia,Southern Europe,Europe,Dubrovnik city area,,"Slide (land, mud, snow, rock)",No,No,No,,,Km2,,,,,,,,,,,,,,,,,,2025-03-31,2025-04-04,2025-03-26,2025-03-31,5
91,2025-0230-BIH,No,nat-hyd-flo-flo,Natural,Hydrological,Flood,Flood (General),,,BIH,Bosnia and Herzegovina,Southern Europe,Europe,Prijedor and Sanski (Slavonia region),Heavy rains,,No,No,No,,,Km2,,,"Bosna, Una, Sava, Sana, Ukrina rivers",,,3000.0,,3000.0,,,,,,,,,,2025-03-31,2025-04-04,2025-03-26,2025-03-31,5
92,2025-0194-MYS,No,nat-hyd-flo-flo,Natural,Hydrological,Flood,Flood (General),,,MYS,Malaysia,South-eastern Asia,Asia,"Johor Bahru, Kulai, Pontian, Kota Tinggi, Kluang, Batu Pahat, and Iskandar Puteri (Johor state); Sabah and Sarawak states",,"Slide (land, mud, snow, rock)",No,No,No,,,Km2,,,,,,11071.0,,11071.0,,,,,,,,,,2025-03-20,2026-02-16,2025-03-20,2025-03-21,1
93,2025-0188-IDN,No,nat-hyd-flo-flo,Natural,Hydrological,Flood,Flood (General),,,IDN,Indonesia,South-eastern Asia,Asia,Madiun regency (East Java); West Java,Heavy rains,"Slide (land, mud, snow, rock)",No,No,No,,,Km2,,,,,,2000.0,,2000.0,,,,,,,,,,2025-03-18,2025-04-01,2025-03-15,2025-03-17,2
94,2025-0183-ITA,No,nat-hyd-flo-flo,Natural,Hydrological,Flood,Flood (General),,,ITA,Italy,Southern Europe,Europe,"Florence, Prato, Pisa, and Livorno (Toscane); Emilia-Romagna",Heavy rains,"Slide (land, mud, snow, rock)",No,No,No,,,Km2,,,,,,250.0,,250.0,,,,,,,,,,2025-03-17,2025-04-01,2025-03-14,2025-03-16,2
95,2025-0172-MYS,No,nat-hyd-flo-flo,Natural,Hydrological,Flood,Flood (General),,,MYS,Malaysia,South-eastern Asia,Asia,"Tenom, Beaufort, Membakut, and Soo (Sabah, northern Borneo Island)",,,No,No,No,,,Km2,,,,,,4555.0,,4555.0,,,,,,,,,,2025-03-12,2025-04-01,2025-03-08,2025-03-12,4
96,2025-0227-IRQ,No,nat-hyd-flo-flo,Natural,Hydrological,Flood,Flood (General),GLIDE:FL-2025-000032,,IRQ,Iraq,Western Asia,Asia,"Anbar, Diyala, Erbil, Qadisiyah, Thi-Qar",Heavy rains,,No,No,No,,,Km2,,,,,,30000.0,,30000.0,,,,,,,,,,2025-03-28,2025-12-08,2025-03-07,2025-03-10,3
97,2025-0161-ARG,No,nat-hyd-flo-flo,Natural,Hydrological,Flood,Flood (General),GLIDE:FL-2025-000036,,ARG,Argentina,Latin America and the Caribbean,Americas,Bahia Blanca city area (Buenos Aires province),Heavy rains,,No,No,No,,,Km2,,,,125.0,800.0,235900.0,,236700.0,,,,,375000.0,,,,,2025-03-11,2026-01-28,2025-03-06,2025-03-10,4
98,2025-0150-IDN,No,nat-hyd-flo-flo,Natural,Hydrological,Flood,Flood (General),,,IDN,Indonesia,South-eastern Asia,Asia,"Bogor regency (West Java province); Sukabumi Regency (West Java) ; Banten, Jakarta, West Java, South Kalimantan, West Sumatra provinces",Heavy rains,"Slide (land, mud, snow, rock)",No,No,No,,,Km2,,,"Ciliwung, Cikeas, Cilengsih and Kali Angke rivers",5.0,6.0,78000.0,,78006.0,,,,,,,,,,2025-03-04,2025-03-11,2025-03-02,2025-03-09,7
99,2025-0199-PER,No,nat-hyd-flo-flo,Natural,Hydrological,Flood,Flood (General),,,PER,Peru,Latin America and the Caribbean,Americas,"Amazonas, Áncash, Apurímac, Arequipa, Ayacucho, Cusco, Huancavelica, Huánuco, Ica, Junín, La Libertad, Lima, Moquegua, Pasco, Piura, Tacna, Tumbes, and Ucayali provinces",Heavy rains,,No,No,Yes,,,Km2,,,,,,7966.0,,7966.0,,,,,,,,,,2025-03-20,2025-04-01,2025-03-01,2025-03-06,5
100,2025-0253-NAM,No,nat-hyd-flo-flo,Natural,Hydrological,Flood,Flood (General),,,NAM,Namibia,Sub-Saharan Africa,Africa,"Kunene, Omusati, Oshana, Ohangwena, and Zambezi regions",Heavy rains,,No,No,No,,,Km2,,,,16.0,,,,,,,,,,,,,,2025-04-14,2025-04-18,2025-03-01,2025-04-08,38
101,2025-0127-AFG,No,nat-hyd-flo-fla,Natural,Hydrological,Flood,Flash flood,,,AFG,Afghanistan,Southern Asia,Asia,Farah region; Pushtkoh district; Kandahar province; Helmand province,Heavy rains,,No,No,No,,,Km2,,,,39.0,44.0,,,44.0,,,,,,,,,,2025-02-26,2025-02-27,2025-02-24,2025-02-26,2
102,2025-0113-BWA,No,nat-hyd-flo-fla,Natural,Hydrological,Flood,Flash flood,GLIDE:FL-2025-000029,,BWA,Botswana,Sub-Saharan Africa,Africa,"Gaborone city area, Kgatleng, Ghanzi, Tlokweng (South-East), Francistown, Kweneng, and Boteti,",Heavy rains,,No,No,No,,,Km2,,,,9.0,,190343.0,,190343.0,,,,,,,,,,2025-02-21,2026-01-09,2025-02-19,2025-02-21,2
103,2025-0116-MYS,No,nat-hyd-flo-flo,Natural,Hydrological,Flood,Flood (General),,,MYS,Malaysia,South-eastern Asia,Asia,Pahang and Negeri Sembilan states,Heavy rains,,No,No,No,,,Km2,,,,,,251.0,,251.0,,,,,,,,,,2025-02-21,2025-02-28,2025-02-19,2025-02-20,1
104,2025-0115-PER,No,nat-hyd-flo-flo,Natural,Hydrological,Flood,Flood (General),,,PER,Peru,Latin America and the Caribbean,Americas,Tiquillaca district (Puno region),Heavy rains,,No,No,No,,,Km2,,,,,,150.0,,150.0,,,,,,,,,,2025-02-21,2025-02-28,2025-02-17,2025-02-21,4
105,2025-0128-MDG,No,nat-hyd-flo-flo,Natural,Hydrological,Flood,Flood (General),,,MDG,Madagascar,Sub-Saharan Africa,Africa,Analamanga region,Heavy rains,,No,No,No,,,Km2,,,Sisaony and the Ikopa rivers,11.0,,,,,,,,,,,,,,2025-02-26,2025-07-16,2025-02-15,2025-02-28,13
106,2025-0109-MDG,No,nat-hyd-flo-flo,Natural,Hydrological,Flood,Flood (General),,,MDG,Madagascar,Sub-Saharan Africa,Africa,Antananarivo city area,Heavy rains,,No,No,No,,,Km2,,,Sisaony River,,,3688.0,,3688.0,,,,,,,,,,2025-02-19,2025-02-28,2025-02-15,2025-02-16,1
107,2025-0088-PHL,No,nat-hyd-flo-flo,Natural,Hydrological,Flood,Flood (General),,,PHL,Philippines,South-eastern Asia,Asia,"Mimaropa, Eastern Visayas, and Bicol regions","Heavy rains, Shear Line",,No,No,No,,,Km2,,,,7.0,,123000.0,,123000.0,,,,,,,,,,2025-02-14,2025-02-21,2025-02-07,2025-02-19,12
108,2025-0084-BOL,No,nat-hyd-flo-flo,Natural,Hydrological,Flood,Flood (General),GLIDE:FL-2025-000038,,BOL,Bolivia (Plurinational State of),Latin America and the Caribbean,Americas,"Chuquisaca, La Paz, Tarija, Cochabamba, Santa Cruz and Potosí",Heavy rains,"Slide (land, mud, snow, rock)",No,Yes,Yes,,,Km2,,,,68.0,,3005000.0,,3005000.0,,,,,,,,,,2025-02-14,2025-12-17,2025-02-05,2025-02-13,8
109,2025-0062-MYS,No,nat-hyd-flo-flo,Natural,Hydrological,Flood,Flood (General),,,MYS,Malaysia,South-eastern Asia,Asia,Sabah and Sarawak states,Heavy rains,,No,No,No,,,Km2,,,,5.0,,12500.0,,12500.0,,,,,,,,,,2025-01-31,2025-02-13,2025-01-28,2025-01-30,2
110,2025-0053-BRA,No,nat-hyd-flo-fla,Natural,Hydrological,Flood,Flash flood,,,BRA,Brazil,Latin America and the Caribbean,Americas,Carapicuíba (São Paulo state),Heavy rain,Storm,No,No,No,,,Km2,,,,,,400.0,,400.0,,,,,,,,,,2025-01-29,2025-04-02,2025-01-24,2025-01-25,1
111,2024-0953-HTI,No,nat-hyd-flo-flo,Natural,Hydrological,Flood,Flood (General),,,HTI,Haiti,Latin America and the Caribbean,Americas,"Grand'Anse, Nippes and North-West departments",Heavy rains,,No,No,No,,,Km2,,,,14.0,15.0,1000.0,,1015.0,,,,,,,100.0,,"[{""gid_1"":""HTI.2_1"",""name_1"":""Grand'Anse""},{""gid_1"":""HTI.4_1"",""name_1"":""Nippes""},{""gid_1"":""HTI.6_1"",""name_1"":""Nord-Ouest""}]",2025-01-01,2026-01-19,2024-12-20,2024-12-28,8
112,2024-0903-LBY,No,nat-hyd-flo-flo,Natural,Hydrological,Flood,Flood (General),GLIDE:FL-2024-000223,,LBY,Libya,Northern Africa,Africa,"Tarhuna city, Bani Walid city, Bani Walid district, Gharyan city, Jabal al Gharbi district, Qasr Akhyar, Ain Zara",Heavy rain,,No,No,No,,,Km2,,,,5.0,,3335.0,,3335.0,,,,,,,100.0,,"[{""gid_1"":""LBY.15_1"",""name_1"":""Misratah""},{""gid_1"":""LBY.20_1"",""name_1"":""Tripoli""},{""gid_1"":""LBY.3_1"",""name_1"":""Al Jabal al Gharbi""},{""gid_1"":""LBY.8_1"",""name_1"":""Al Marqab""}]",2024-12-12,2026-01-19,2024-12-05,2024-12-09,4
113,2024-0898-IDN,No,nat-hyd-flo-flo,Natural,Hydrological,Flood,Flood (General),,,IDN,Indonesia,South-eastern Asia,Asia,Sukabumi regency (West Java province),Heavy rains,"Slide (land, mud, snow, rock)",No,No,No,,,Km2,,,,12.0,,10160.0,,10160.0,,,,,,,100.0,,"[{""gid_2"":""IDN.9.24_1"",""name_2"":""Sukabumi""}]",2024-12-11,2026-01-19,2024-12-03,2024-12-10,7
114,2024-0892-KEN,No,nat-hyd-flo-flo,Natural,Hydrological,Flood,Flood (General),,,KEN,Kenya,Sub-Saharan Africa,Africa,,Heavy rains,,No,No,No,,,Km2,,,"Nzoia, Nyando, Yala, Miriu and Awach rivers",13.0,,3970.0,,3970.0,,,,,,,100.0,,,2024-12-06,2024-12-12,2024-12-01,2024-12-05,4
115,2024-0901-HTI,No,nat-hyd-flo-flo,Natural,Hydrological,Flood,Flood (General),,,HTI,Haiti,Latin America and the Caribbean,Americas,Grand-Anse department and the South department,Heavy rains,"Slide (land, mud, snow, rock)",No,No,No,,,Km2,,,,16.0,25.0,155000.0,,155025.0,,,,,,,100.0,,"[{""gid_1"":""HTI.10_1"",""name_1"":""Sud""},{""gid_1"":""HTI.2_1"",""name_1"":""Grand'Anse""}]",2024-12-12,2026-01-19,2024-11-30,2024-12-04,4
116,2024-0902-MWI,No,nat-hyd-flo-flo,Natural,Hydrological,Flood,Flood (General),,,MWI,Malawi,Sub-Saharan Africa,Africa,,Heavy rains,Lightening|Storm,No,No,No,,,Km2,,,,11.0,80.0,48748.0,,48828.0,,,,,,,100.0,,,2024-12-12,2024-12-19,2024-11-27,2024-12-06,9
117,2024-0961-GAB,No,nat-hyd-flo-flo,Natural,Hydrological,Flood,Flood (General),,,GAB,Gabon,Sub-Saharan Africa,Africa,"Mouila (Ngounié Province), Port-Gentil (Ogooué-Maritime Province), Tchibanga (Nyanga Province) and Grand Libreville (Estuaire Province)",Heavy rains,,No,No,No,,,Km2,,,,,,13400.0,,13400.0,,,,,,,100.0,,"[{""gid_2"":""GAB.1.2_1"",""name_2"":""Komo-Mondah""},{""gid_2"":""GAB.4.3_1"",""name_2"":""Douya Onoye""},{""gid_2"":""GAB.5.4_1"",""name_2"":""Mougoutsi""},{""gid_2"":""GAB.8.1_1"",""name_2"":""Bendjé""}]",2025-01-14,2026-01-19,2024-11-25,2024-11-27,2
118,2024-0882-THA,No,nat-hyd-flo-flo,Natural,Hydrological,Flood,Flood (General),GLIDE:FL-2024-000217,,THA,Thailand,South-eastern Asia,Asia,"Chumphon, Phatthalung, Ranong, Satun, Surat Thani, Nakhon Si Thammarat, Songkhla, Pattani, Narathiwat, and Yala provinces",Heavy rains,,No,No,No,,,Km2,,,,35.0,,737000.0,,737000.0,,,,,,,100.0,,,2024-11-28,2024-12-19,2024-11-25,2024-12-15,20
119,2024-0879-TZA,No,nat-hyd-flo-flo,Natural,Hydrological,Flood,Flood (General),,,TZA,United Republic of Tanzania,Sub-Saharan Africa,Africa,Tarime district (Mara region),Heavy rains,,No,No,No,,,Km2,,,,9.0,40.0,100.0,,140.0,,,,,,,100.0,,,2024-11-27,2024-11-29,2024-11-25,2024-11-27,2
120,2024-0865-IDN,No,nat-hyd-flo-fla,Natural,Hydrological,Flood,Flash flood,,,IDN,Indonesia,South-eastern Asia,Asia,"Karo, South Tapanuli, Padang Lawas and Deli Serdang districts (North Sumatra province)",Heavy rains,"Slide (land, mud, snow, rock)",No,No,No,,,Km2,,,,20.0,,1000.0,,1000.0,,,,,,,100.0,,,2024-11-25,2024-11-28,2024-11-23,2024-11-26,3
121,2024-0874-BOL,No,nat-hyd-flo-flo,Natural,Hydrological,Flood,Flood (General),,,BOL,Bolivia (Plurinational State of),Latin America and the Caribbean,Americas,La Paz capital city area,Heavy rains,"Slide (land, mud, snow, rock)",No,No,No,,,Km2,,,Pasajahuira river,2.0,26.0,350.0,,376.0,,,,,,,100.0,,,2024-11-26,2025-03-18,2024-11-23,2024-11-24,1
122,2024-0839-ESP,No,nat-hyd-flo-flo,Natural,Hydrological,Flood,Flood (General),,,ESP,Spain,Southern Europe,Europe,"Álora, Cártama, Alhaurín de la Torre, Pizarra municipalities and Malaga city (Malaga); Catalonia province",Heavy rains,,No,No,No,,,Km2,,,Campanillas and Guadalhorce rivers,,,500.0,,500.0,,,,,50000.0,50000.0,100.0,,,2024-11-14,2025-01-22,2024-11-13,2024-11-14,1
123,2024-0877-CRI,No,nat-hyd-flo-flo,Natural,Hydrological,Flood,Flood (General),,,CRI,Costa Rica,Latin America and the Caribbean,Americas,"Guanacaste, Puntarenas",Heavy rains,,No,No,No,,,Km2,,,,8.0,,1098668.0,,1098668.0,,,,,,,100.0,,,2024-11-26,2025-07-31,2024-11-12,2024-11-26,14
124,2024-0856-DOM,No,nat-hyd-flo-flo,Natural,Hydrological,Flood,Flood (General),GLIDE:FL-2024-000212,,DOM,Dominican Republic,Latin America and the Caribbean,Americas,"Duarte, El Seibo, Espaillat, Hato Mayor, La Altagracia, Maria Trinidad Sanches, Puerto Plata, Samanà",Heavy rain,,No,No,No,,,Km2,,,,,,15000.0,,15000.0,,,,,,,100.0,,,2024-11-26,2025-01-21,2024-11-10,2024-11-12,2
125,2024-0856-HTI,No,nat-hyd-flo-flo,Natural,Hydrological,Flood,Flood (General),GLIDE:FL-2024-000212,,HTI,Haiti,Latin America and the Caribbean,Americas,"Les Cayes, Torbeck, Saint-Louis-du-Sud, Maniche and Port-Salut municipalities",Heavy rains,,No,No,No,,,Km2,,,,,,17790.0,,17790.0,,,,,,,100.0,,,2024-11-18,2025-01-21,2024-11-10,2024-11-12,2
126,2024-0796-ESP,No,nat-hyd-flo-flo,Natural,Hydrological,Flood,Flood (General),,,ESP,Spain,Southern Europe,Europe,"Alaquàs, Albal, Aldaya, Alfafar, Algemesí, Benerússer, Catarroja, Llocnou de la Corona, Massanassa, Paiporta, Picanya, Sedaví, Utiel and La Torre municipalties (Valencia);, Letur, lbacete provinces; Castilla-La Mancha communities, Andalusia, Murcia, and the Balearic Islands, Catalonia",High-altitude isolated depression (DANA in Spanish),Lightening|Storm,No,No,No,,56.0,Km2,,,,232.0,,36115.0,,36115.0,,,4200000.0,4200000.0,11000000.0,11000000.0,100.0,,,2024-10-30,2025-01-22,2024-10-27,2024-11-04,8
127,2024-0783-ZAF,No,nat-hyd-flo-flo,Natural,Hydrological,Flood,Flood (General),,,ZAF,South Africa,Sub-Saharan Africa,Africa,Eastern Cape province,Heavy rains,,No,No,No,,,Km2,,,,10.0,,3000.0,90.0,3090.0,,,,,,,100.0,,,2024-10-28,2024-10-28,2024-10-22,2024-10-25,3
128,2024-0788-USA,No,nat-hyd-flo-fla,Natural,Hydrological,Flood,Flash flood,,,USA,United States of America,Northern America,Americas,"Roswell (Chaves county, Eastern New Mexico)",Heavy rains,,No,No,Yes,,,Km2,,,,2.0,38.0,300.0,,338.0,,,,,,,100.0,,,2024-10-28,2024-10-28,2024-10-18,2024-10-20,2
129,2024-0753-FRA,No,nat-hyd-flo-flo,Natural,Hydrological,Flood,Flood (General),,,FRA,France,Western Europe,Europe,"Rhône, Loire, Haute-Loire, Lozère, Ardèche, Alpes-Maritimes, Paris area",Heavy rains,,No,No,No,,,Km2,,,,,,2485.0,,2485.0,,,,,,,100.0,,,2024-10-18,2025-03-18,2024-10-17,2024-10-18,1
130,2024-0719-BGD,No,nat-hyd-flo-flo,Natural,Hydrological,Flood,Flood (General),,,BGD,Bangladesh,Southern Asia,Asia,Sherpur district (Mymensingh and Sindh divisions),Heavy rains,,No,No,No,,,Km2,,,,10.0,,238931.0,,238931.0,,,,,,,100.0,,,2024-10-09,2024-10-28,2024-10-05,2024-10-10,5
131,2024-0719-IND,No,nat-hyd-flo-flo,Natural,Hydrological,Flood,Flood (General),,,IND,India,Southern Asia,Asia,Meghalaya,Heavy rains,"Slide (land, mud, snow, rock)",No,No,No,,,Km2,,,,15.0,,,,,,,,,,,100.0,,,2024-10-09,2024-10-28,2024-10-04,2024-10-07,3
132,2024-0718-BIH,No,nat-hyd-flo-flo,Natural,Hydrological,Flood,Flood (General),GLIDE:FL-2024-000188,,BIH,Bosnia and Herzegovina,Southern Europe,Europe,"Donja Jablanica, Konjic, Buturovic polje, Fojnica, Kiseljak and Kreševo",Heavy rains,"Slide (land, mud, snow, rock)",No,No,Yes,,,Km2,,,Neretva River,27.0,,5000.0,,5000.0,,,,,10000.0,10000.0,100.0,,,2024-10-09,2025-01-22,2024-10-03,2024-10-04,1
133,2024-0707-IRN,No,nat-hyd-flo-fla,Natural,Hydrological,Flood,Flash flood,,,IRN,Iran (Islamic Republic of),Southern Asia,Asia,Jiroft (Kerman province),,,No,No,No,,,Km2,,,Halil river,15.0,,,,,,,,,,,100.0,,,2024-10-01,2024-10-03,2024-09-30,2024-10-02,2
134,2024-0692-NPL,No,nat-hyd-flo-flo,Natural,Hydrological,Flood,Flood (General),GLIDE:FL-2024-000177,,NPL,Nepal,Southern Asia,Asia,"Kathmandu, Kavrepalanchowk, Lalitpur, Bagmati, Gandak",Heavy rains,"Slide (land, mud, snow, rock)",No,No,No,,,Km2,,,,268.0,178.0,2590000.0,,2590178.0,,,,,338043.0,338043.0,100.0,,,2024-09-30,2024-11-06,2024-09-26,2024-10-08,12
135,2024-0763-SLE,No,nat-hyd-flo-flo,Natural,Hydrological,Flood,Flood (General),GLIDE:FL-2024-000182,,SLE,Sierra Leone,Sub-Saharan Africa,Africa,"Bumbuna dam in Bumbuna town (Tonkolili District, Northern province), Bo, Bonthe, Bombali, Falaba, Kambia, Moyamba, Port Loko, Pujehun, and the Western Area districts",Heavy rains,,No,No,No,,,Km2,,,,,,23596.0,,23596.0,,,,,,,100.0,,,2024-10-18,2024-11-06,2024-09-23,2024-10-08,15
136,2024-0657-NGA,No,nat-hyd-flo-flo,Natural,Hydrological,Flood,Flood (General),,,NGA,Nigeria,Sub-Saharan Africa,Africa,Maiduguri (Borno state),Heavy rains,Broken Dam/Burst bank,No,No,No,,,Km2,,,,37.0,58.0,414000.0,,414058.0,,,,,,,100.0,,,2024-09-23,2024-10-21,2024-09-07,2024-09-09,2
137,2024-0656-MAR,No,nat-hyd-flo-flo,Natural,Hydrological,Flood,Flood (General),,,MAR,Morocco,Northern Africa,Africa,"Tata, Tiznit, Errachidia, Tinghir and Taroudant provinces",Heavy rains,,No,No,No,,,Km2,,,,22.0,,,168.0,168.0,,,,,,,100.0,,,2024-09-23,2024-10-03,2024-09-06,2024-09-09,3
138,2024-0672-DZA,No,nat-hyd-flo-flo,Natural,Hydrological,Flood,Flood (General),GLIDE:FL-2024-000168,,DZA,Algeria,Northern Africa,Africa,"Béchar, Elbayadh, Beni Abbes, Tamanrasset, Tiaret, Tindouf, and Naama",Heavy rains,,No,No,No,,,Km2,,,,5.0,,11000.0,,11000.0,,,,,,,100.0,,,2024-09-24,2025-12-02,2024-09-05,2024-09-09,4
139,2024-0649-YEM,No,nat-hyd-flo-fla,Natural,Hydrological,Flood,Flash flood,,,YEM,Yemen,Western Asia,Asia,Al-Mahwit governorate,Heavy rains,,No,No,No,,,Km2,,,,40.0,,1075.0,,1075.0,,,,,,,100.0,,,2024-08-29,2024-10-28,2024-08-27,2024-08-29,2
140,2024-0647-IND,No,nat-hyd-flo-flo,Natural,Hydrological,Flood,Flood (General),,,IND,India,Southern Asia,Asia,"Gujarat, Maharashtra, Tripura States",Monsoon rains,"Slide (land, mud, snow, rock)|Storm",No,No,No,,,Km2,,,,25.0,23.0,8007150.0,,8007173.0,,,,,,,100.0,,,2024-08-29,2024-10-22,2024-08-26,2024-08-27,1
141,2024-0644-IDN,No,nat-hyd-flo-fla,Natural,Hydrological,Flood,Flash flood,,,IDN,Indonesia,South-eastern Asia,Asia,Ternate regency (North Maluku province),Heavy rains,,No,No,No,,,Km2,,,,21.0,15.0,600.0,,615.0,,,,,,,100.0,,,2024-08-27,2024-10-22,2024-08-25,2024-08-26,1
143,2024-0624-BGD,No,nat-hyd-flo-fla,Natural,Hydrological,Flood,Flash flood,,,BGD,Bangladesh,Southern Asia,Asia,"Lakshmipur, Cumilla, Feni, and Noakhali districts",Heavy monsoon rains,,No,No,No,,,Km2,,,,71.0,,5820000.0,,5820000.0,,,,,155600.0,155600.0,100.0,,,2024-08-22,2025-04-01,2024-08-19,2024-09-03,15
144,2024-0624-IND,No,nat-hyd-flo-fla,Natural,Hydrological,Flood,Flash flood,,,IND,India,Southern Asia,Asia,Tripura state,Heavy rains,,No,No,No,,,Km2,,,,26.0,,1700000.0,,1700000.0,,,,,,,100.0,,,2024-08-23,2024-10-22,2024-08-19,2024-08-23,4
146,2024-0628-THA,No,nat-hyd-flo-flo,Natural,Hydrological,Flood,Flood (General),GLIDE:FL-2024-000167,,THA,Thailand,South-eastern Asia,Asia,"Phetchabun, Chiang Rai, Chiang Mai, Nan, Phayao, Lampang, Phrae, Udon Thani, Rayong, Phuket, Sukhothai and Prae provinces",Heavy rains,"Slide (land, mud, snow, rock)",No,No,No,,,Km2,,,,22.0,19.0,38331.0,,38350.0,,,,,210000.0,210000.0,100.0,,,2024-08-22,2025-02-21,2024-08-16,2024-08-26,10
147,2024-0568-CHN,No,nat-hyd-flo-flo,Natural,Hydrological,Flood,Flood (General),,,CHN,China,Eastern Asia,Asia,"Ridi Village (Kangding county, Garzê Tibetan Autonomous Prefecture, Sichuan province)",Heavy rains,"Collapse|Slide (land, mud, snow, rock)",No,No,No,,,Km2,,,,27.0,,939.0,,939.0,,,,,,,100.0,,,2024-08-05,2024-08-07,2024-08-03,2024-08-04,1
148,2024-0648-CMR,No,nat-hyd-flo-flo,Natural,Hydrological,Flood,Flood (General),GLIDE:FL-2024-000162,,CMR,Cameroon,Sub-Saharan Africa,Africa,Logone et Chari and the Mayo-Danay Divisions (Far North Region ),Heavy rains,,No,No,No,,,Km2,,,,38.0,8.0,500000.0,,500008.0,,,,,,,100.0,,,2024-08-29,2025-02-13,2024-08-01,2024-09-30,60
149,2024-0569-TCD,No,nat-hyd-flo-flo,Natural,Hydrological,Flood,Flood (General),GLIDE:FL-2024-000139,,TCD,Chad,Sub-Saharan Africa,Africa,"Batha, Chari-Baguirmi, Logone Oriental, Mayo-Kebbi Ouest, Sila, Logone Occidental, N'Djamena city, Lake, Kanem; Tibesti, Lac, Mayo-Kebbi Est, Mandoul, Tandjilé, Batah, Guera, Salamat, Ennedi West, Borkou, Ennedi East",Heavy rains,,No,No,No,,,Km2,,,,576.0,,1941869.0,,1941869.0,,,,,380000.0,380000.0,100.0,,,2024-08-05,2025-02-21,2024-08-01,2024-09-30,60
150,2024-0561-IND,No,nat-hyd-flo-flo,Natural,Hydrological,Flood,Flood (General),,,IND,India,Southern Asia,Asia,"Mandi, Kullu, Shimla districts (Himachal Pradesh)",Heavy rains,,No,No,No,,,Km2,,,,46.0,,,,,,,,,,,100.0,,,2024-08-01,2025-03-18,2024-07-31,2024-08-23,23
151,2024-0617-GIN,No,nat-hyd-flo-flo,Natural,Hydrological,Flood,Flood (General),GLIDE:FL-2024-000148,,GIN,Guinea,Sub-Saharan Africa,Africa,"BTN, Bolibana, Sigurikoura, Nankoda, Kokomo, Heremakonon, Chinese City, Tiguibiry, Konoba, Abatoire, Setceur TP, Téléladji, ORS1, and Mandé districts; Kintinian, Kinièbakoura, Niandankoro sub-prefectures (Siguiri)",Heavy rains,,No,No,No,,,Km2,,,,5.0,1000.0,175000.0,,176000.0,,,,,,,100.0,,,2024-08-21,2025-08-04,2024-07-29,2024-07-31,2
152,2024-0580-YEM,No,nat-hyd-flo-flo,Natural,Hydrological,Flood,Flood (General),,,YEM,Yemen,Western Asia,Asia,"Maqbanah district (Taez governorate), Sadaa provinces; Al Hudaydah, Al Hajjah, Ma'rib governorates",Heavy rains,,No,No,No,,,Km2,,,,62.0,16.0,171300.0,,171316.0,,,,,,,100.0,,,2024-08-08,2024-08-19,2024-07-28,2024-08-08,11
