Region,Country,Category (h2),Newspapers,Count
Africa,Algeria,Arabic-Language Publications,"Echorouk Online (الجزائر – الشروق أونلاين): echoroukonline.com, El Khabar (الخبر): elkhabar.com, Ennahar Online (النهر أونلاين): ennaharonline.com, El Bilad (البلاد): elbilad.net, El Massa (المساء): elmassa.com, Al Fadjr (الفجر): alfadjr.net, Algerie1 (الجزائر1): algerie1.com",7
Africa,Algeria,English-Language Newspapers in Algeria,"Algeria Press Service (APS – English): aps.dz, The North Africa Journal: north-africa.com, Algeria.com News: algeria.com",3
Africa,Algeria,French-Language Publications,"Liberté: liberte-algerie.com, El Watan: elwatan.com, TSA (Tout sur l'Algérie): tsa-algerie.com, L'Expression: lexpressiondz.com, Le Soir d'Algérie: lesoirdalgerie.com, La Tribune: latribune-online.com, Le Quotidien d'Oran: lequotidien-oran.com",7
Africa,Algeria,Online-Only & Emerging Platforms,"Dzair Daily: dzairdaily.com, Algeria-Watch: algeria-watch.org, Algerie Eco: algerie-eco.com, Algeria360: algeria360.com",4
Africa,Algeria,Tamazight (Berber) & Multilingual Publications,"La Dépêche de Kabylie: depechedekabylie.com, Sawt El Ahrar: sawtelahrar.net, Tafsut: ",3
Africa,Botswana,Online and Digital News Platforms,"Yahoo News Botswana: yahoo.com, Botswana Unplugged: botswanaunplugged.com, The Botswana Tribune: botswanatribune.com, Africa-Press – Botswana Section: africa-press.net, Botswana Daily News (Online Edition): dailynews.gov.bw, Gazette Africa (Botswana Coverage): gazetteafrica.com, The Okavango Express: okavangoexpress.com",7
Africa,Botswana,Setswana and Multilingual Publications,"Dikgang Tsa Gompieno (Setswana Daily): dikgangtsagompieno.co.bw, Naledi Ya Botswana (Setswana Weekly): nalediyabw.com, Mokgosi Newspaper: mokgosi.co.bw, The Ngami Times: ngamitimes.com, Tswana Times: tswanatimes.co.bw",5
Africa,Botswana,Top English-Language Newspapers in Botswana,"Mmegi Online: megi.bw, The Botswana Gazette: thegazette.news, Sunday Standard: sundaystandard.info, The Voice Newspaper: thevoicebw.com, Mmegi Monitor: monitor.mmegi.bw, DailyNews Botswana (Government-owned): dailynews.gov.bw, BW BusinessWeek: businessweekbw.com, The Patriot on Sunday: thepatriot.co.bw, The Midweek Sun: themidweeksun.co.bw, Botswana Guardian: botswanaguardian.co.bw, The Telegraph Online: telegraphbw.com, Echo Newspaper: echonewspaper.org",12
Africa,Cameroon,Bilingual & Other Language Publications,"Cameroon Tribune (Bilingual): cameroon-tribune.cm, Journal du Cameroun (Bilingual): journalducameroun.com, 237 Actu: 237actu.com, Cameroon Voice: cameroonvoice.com, Hibari Times (Pidgin English): facebook.com",5
Africa,Cameroon,French-Language Publications,"Le Messager: lemessager.net, Mutations: mutations-online.com, La Nouvelle Expression: lanouvelleexpression.com, Cameroun Actuel: camerounactuel.com, 237 Online: 237online.com, Cameroon-Info.Net: cameroon-info.net, EcoMatin: ecomatin.net, Actu Cameroun: actucameroun.com, L’Œil du Sahel: loeildusahel.com, CameroonWeb: cameroonweb.com",10
Africa,Cameroon,Top English-Language Newspapers in Cameroon,"The Post Newspaper: thepostnewspaper.cm, Cameroon Tribune (English Edition): cameroon-tribune.cm, Journal du Cameroun (English Section): journalducameroun.com, Cameroon Concord News: cameroon-concord.com, The Guardian Post: guardianpostcameroon.com, Cameroon News Agency (CNA): cameroonnewsagency.com, The Sun Newspaper: sunnewsonline.com, Cameroon Radio Television (CRTV English News): crtv.cm, Pan African Visions (Cameroon Section): panafricanvisions.com, The National Times: nationaltimes.net",10
Africa,Cape Verde,English-Language & Multilingual News Sources,"Cabo Verde News (English Section): caboverdenews.com, The Cape Verdean (UK-Based Diaspora News): thecapeverdean.com, Cape Verde Islands (Tourism & News): capeverdeislands.org, Africa News – Cape Verde Section: africanews.com",4
Africa,Cape Verde,Other Language & Niche Publications,"Crioulo (Cape Verdean Creole Content): crioulo.cv, France 24 – Cape Verde (French Coverage): france24.com, Deutsche Welle – Cape Verde (German Coverage): dw.com, Rádio Morabeza (Multilingual Radio & News): rm.cv, Cape Verde Magazine (Lifestyle & Culture): capeverdemagazine.com, Cabo Verde 24 (Business & Economy): caboverde24.com, Vibe Cape Verde (Entertainment & Events): vibecapeverde.com",7
Africa,Cape Verde,Portuguese-Language Publications (Primary Language),"A Nação: anacao.cv, Expresso das Ilhas: expressodasilhas.cv, Inforpress: inforpress.publ.cv, A Semana: asemana.publ.cv, Oceanpress: oceanpress.info, RTC (Rádio Televisão Caboverdiana): rtc.cv, Praia News: praianews.com, Sapo CV (Cape Verdean Portal): sapo.cv, Criolo Sports: criolosports.com, Mindel Online: mindelonline.com",10
Africa,Central African Republic,English-Language & International Coverage,"Central African Republic News (UN Mission - MINUSCA Updates): minusca.unmissions.org, RFI English (CAR Coverage): rfi.fr, BBC News Africa (CAR Section): bbc.com, Al Jazeera English (CAR Reports): aljazeera.com, France 24 English (CAR Updates): france24.com",5
Africa,Central African Republic,French-Language Publications (Primary Language),"Radio Ndeke Luka: radiondekeluka.org, Le Confident: leconfident.net, Corbeau News: corbeaunews-centrafrique.com, Centrafrique Presse: centrafriquepresse.com, Journal de Bangui: journaldebangui.com, Oko Times: okotimes.net, L’Hirondelle: lhirondelle.org, Ndjoni Sango: ndjonisango.com, Centrafrique Libre: centrafrique-libre.com, Bangui Info: banguiinfo.com",10
Africa,Central African Republic,Other Notable Outlets,"Agenzia Fides (Vatican News - CAR Coverage): fides.org, Human Rights Watch (CAR Reports): hrw.org, The New Humanitarian (CAR Crisis Updates): thenewhumanitarian.org, ReliefWeb (CAR Situation Reports): reliefweb.int",4
Africa,Central African Republic,Sango-Language Publications,"Radio Lengo Songo: radiolengosongo.net, Be Afrika: beafrika.com",2
Africa,Chad,Arabic-Language Publications,"Alwatan: alwatan.com, Sahara Media: saharamedia.net, Chad News (Arabic Section): chadnews.com",3
Africa,Chad,English-Language & International Coverage,"Chad News (English Section): chadnews.com, Africa News – Chad Section: africanews.com, Reuters – Chad Coverage: reuters.com, BBC News – Chad: bbc.com, Al Jazeera English (CAR Reports): aljazeera.com, France 24 English (CAR Updates): france24.com",6
Africa,Chad,French-Language Publications (Primary Language),"Le Progrès: leprogres.td, Tchad Infos: tchadinfos.com, Alwihda Info: alwihdainfo.com, Tchad Actuel: tchadactuel.com, Journal du Tchad: journaldutchad.com, Tchad 24: tchad24.net, Tchad Tribune: tchadtribune.com, Tchad Presse: tchadpresse.net",8
Africa,Chad,Regional & Independent Outlets,"Radio Ndarason International: ndarason.com, Tchad Online: tchadonline.com, Sahel Tribune: saheltribune.com, L’Observateur: lobservateur.info, Tchad Connexion: tchadconnexion.com, La Voix du Tchad: lavoixdutchad.com, Chad Daily News: chaddailynews.com",7
Africa,Congo,French-Language Publications (Majority in Congo),"Les Dépêches de Brazzaville: lesdepechesdebrazzaville.com, La Semaine Africaine: lasemaineafricaine.net, ADIAC (Agence d’Information d’Afrique Centrale): adiac-congo.com, Congo-Site: congo-site.com, Brazza News: brazzanews.com, Congo Media Time: congomediatime.com, Journal de Brazza: journaldebrazza.com, Mbongui: mbongui.org, Congo Actuel: congoactuel.com, L’Observateur: lobservateur.info",10
Africa,Congo,International & Diaspora-Focused,"Congo Liberty (French/English): congoliberty.com, Congo Panorama (French/English): congopanorama.info, 7sur7.cd (DRC & Congo-Brazzaville): 7sur7.cd, Radio Okapi (French/Lingala): radiookapi.net, Actualité.CD: actualite.cd",5
Africa,Congo,Local Language & Multilingual Publications,"Mwinda Press (Lingala/French): mwinda.org, Top Congo FM (Lingala/French): topcongofm.net, Nzondo TV (Kikongo/French): nzondotv.com",3
Africa,Equatorial Guinea,English-Language Publications,"Equatorial Guinea Press: guineaecuatorialpress.com, Equatorial Guinea Today: equatorialguineatoday.org",2
Africa,Equatorial Guinea,French-Language Publications,"Afrique Media – Guinée Équatoriale: afriquemedia.tv, Jeune Afrique – Guinée Équatoriale: jeuneafrique.com",2
Africa,Equatorial Guinea,International Coverage on Equatorial Guinea,"BBC News – Equatorial Guinea: bbc.com, Reuters – Equatorial Guinea: reuters.com, Al Jazeera – Equatorial Guinea: aljazeera.com, AllAfrica – Equatorial Guinea: allafrica.com, Africanews – Equatorial Guinea: africanews.com, The Guardian – Africa (Equatorial Guinea): theguardian.com",6
Africa,Equatorial Guinea,Other Languages & Regional Publications,"Equatonews (Bilingual: Spanish/French): equatonews.com, Akonibe TV (Fang Language): akonibetv.com, Radio Macuto (Spanish/Fang): radiomacuto.com",3
Africa,Equatorial Guinea,Spanish-Language Publications (Main Language),"Radio Televisión Guinea Ecuatorial (RTGE): rtve.es, Ahora EG: ahoraeg.com, Diario Rombe: diariorombe.es, Página Oficial del Gobierno: guineaecuatorialpress.com, El Nacional GE: elnacionalge.com, La Gaceta de Guinea: lagacetadeguinea.com, Europa Press – Equatorial Guinea: europapress.es, Malabo Press: malabopress.com",8
Africa,Gabon,English-Language Publications (Limited but Notable),"Gabon Daily News: gabondailynews.com, Africa News – Gabon Section: africanews.com",2
Africa,Gabon,French-Language Publications (Primary Language in Gabon),"L’Union: lunion.ga, Gabon Review: gabonreview.com, Gabon Media Time: gabonmediatime.com, Info241: info241.com, Gabon Actu: gabonactu.com, Gabon 24: gabon24.com, Le Nouveau Gabon: lenouveaugabon.com, La Libreville: lalibreville.com, Gabon News: gabonnews.ga, Média241: media241.com, L’Aube: laubenews.com, Gabon Eco: gaboneco.com",12
Africa,Gabon,Other Language & Multilingual Publications,"RFI Afrique – Gabon: rfi.fr, DW Afrique – Gabon: dw.com, BBC Afrique – Gabon: bbc.com, Jeune Afrique – Gabon: jeuneafrique.com, Agence Gabonaise de Presse (AGP): agpgabon.ga, Ogooué Infos: ogoueinfos.com, Gabon Overseas: gabonoverseas.com",7
Africa,Gambia,English-Language Publications,"The Point: thepoint.gm, Foroyaa: foroyaa.gm, The Standard: standard.gm, Gambiana: gambiana.com, Kerr Fatou: kerrfatou.com, Freedom Newspaper: freedomnewspaper.com, The Fatu Network: fatunetwork.net, Gambia News Online: gambianewsonline.com, SMBC News: smbcnews.com, Gambia Daily: gambiadaily.com, West Africa Journal: westafricajournal.com, What’s On Gambia: whatson-gambia.com, Gambia Times: gambiatimes.gm, The Voice Gambia: voicegambia.com, Gamsports: gamsports.com",15
Africa,Gambia,Multilingual and Local Language Publications,"Lamin Communications (Wolof & English): facebook.com, Kibaaro News (Mandinka and English): kibaaro.com, Star FM Radio (Multilingual): starfm.gm, Kerr Fatou (Wolof Section): kerrfatou.com, Sud FM Gambia (Wolof and French): sudfm.net, Gambia Radio and Television Services (GRTS) (Multilingual): grts.gm",6
Africa,Guinea,English-Language News Sites (Limited but Notable),"Guinea News Agency (AGP): agpguinee.com, Africa Guinee (English Section): africaguinee.com",2
Africa,Guinea,French-Language Publications (Primary Language),"Guinée News: guineenews.org, Mosaiqueguinee: mosaiqueguinee.com, Africaguinee: africaguinee.com, Kaloum Presse: kaloumpresse.com, Guinee7: guinee7.com, Lynx Media: lynxmedia.info, Le Djely: ledjely.com, Guinée Matin: guineematin.com, Vision Guinee: visionguinee.info, Guinée 24: guinee24.com, Liberté Guinée: liberteguinee.com, Guinée Actu: guineeactu.com",12
Africa,Guinea,International Coverage with Guinean Focus,"RFI Afrique (French): rfi.fr, BBC Afrique (French): bbc.com, Jeune Afrique (French): jeuneafrique.com, APA News (English/French): apanews.net",4
Africa,Guinea,Local Language and Multilingual Publications,"Fim FM (Pular/Fula): fimfm.com, Espace TV (French and Local Languages): espacetvguinee.net, Radio Rurale Guinée (Local Languages): radiorural.org, Hadafo Media (French and Local News): hadafomedia.com",4
Africa,Kenya,Additional Niche & Specialized Platforms,"Kenyan Arts & Culture: kenyanarts.co.ke, Kenyan Food & Recipes: kenyanfood.co.ke, Kenya Medical News: kenyamedical.co.ke, Kenya Real Estate: kenyanrealestate.co.ke, Kenya Climate & Environment: kenyaclimate.co.ke",5
Africa,Kenya,Emerging & Youth-Focused Media,"Kenyans.co.ke Youth: kenyans.co.ke, Kenya Diaspora News: kenyadiaspora.co.ke, Kenyan Startup Digest: kenyastartups.co.ke, Kenyan Sports Weekly: kenyasports.co.ke, Kenyan Fashion & Lifestyle: kenyanfashion.co.ke",5
Africa,Kenya,Kenyan Media in Indigenous Languages,"Inooro FM (Kikuyu): inooro.co.ke, Ramogi FM (Luo): ramogifm.co.ke, Maasai TV (Maasai): maasaitv.co.ke, Kikuyu News (Kikuyu): kikuyunews.co.ke, Kalenjin News (Kalenjin): kalenjinnow.co.ke",5
Africa,Kenya,Kenyan Newspapers and News Sites,"The Daily Nation: nation.africa, The Standard: standardmedia.co.ke, People Daily: businessdailyafrica.com, The EastAfrican: theeastafrican.co.ke, Kenyan Wallstreet: kenyanwallstreet.com, The Star: the-star.co.ke, Nairobi News: nairobinow.co.ke, Kenyan Citizen TV: citizentv.co.ke, Radio Jambo: radiojambo.co.ke, Kenya News Agency (KNA): kenyanews.go.ke, Kenyan Review: kenyanreview.com, Kenyan.co.ke: kenyan.co.ke",12
Africa,Kenya,Regional & Local Media,"Mombasa County News: mombasanews.co.ke, Nakuru Today: nakurutoday.co.ke, Kericho Post: kerichopost.co.ke, Eldoret Times: eldoret.co.ke, Kitui County News: kituinow.co.ke",5
Africa,Kenya,Specialized & Niche Platforms,"Kenyan Investigative Journalism (KIJ): kij.co.ke, Kenyans.co.ke: kenyans.co.ke, Kenya Tech Review: kenyatech.co.ke, Kenyan Environmental News: kenyaenvironment.co.ke, Kenya Education Hub: kenyaeducation.co.ke",5
Africa,Libya,Arabic-Language Publications (Key Outlets),"Al-Wasat (Arabic): alwasat.ly, 218 News: 218tv.net, Libya Al-Ahrar: libyaalahrar.net, Sada Libya: sadalibya.net, Akhbar Libya 24: akhbarlibya24.net, Febrayer: febrayer.com, Al-Marsad: almarsad.co, Libya’s Channel: libyaschannel.tv, Bawabat Al-Wasat: bawabat.alwasat.ly, Al-Manara: almanaralibya.net, Libya Al-Mostakbal: libya-almostakbal.org, Huna Libya: hunalibya.net, Al-Tayar: altayer.news, Libya Akhbar: libya-akhbar.com, Al-Nabaa TV: alnabaa.tv, Libya Press: libyapress.net, Afrigate News: afrigatenews.net, Libya Al-Youm: libya-alyoum.com",18
Africa,Libya,English-Language Publications,"Libya Herald: libyaherald.com, The Libya Observer: libyaobserver.ly, Alwasat (English Section): alwasat.ly",3
Africa,Madagascar,English-Language Publications,"Madagascar Tribune: madagascar-tribune.com, The Madagascar Express: madagascarexpress.com",2
Africa,Madagascar,French-Language Publications,"L’Express de Madagascar: lexpress.mg, Midi Madagasikara: midi-madagasikara.mg, La Gazette de la Grande Île: lagazette-madagascar.com, Madagascar Matin: madagascar-matin.mg, Les Nouvelles: lesnouvelles.mg, Orange Actualités Madagascar: actu.orange.mg",6
Africa,Madagascar,Malagasy-Language Publications,"Taratra: taratra.mg, Ino Vaovao: inovaovao.mg, Vaovao: vaovao.mg, Masoandro News: masoandronews.mg, Fahazavana: fahazavana.mg, Gazetiko: gazetiko.mg",6
Africa,Madagascar,Multilingual & Other Key Publications,"Madagascar National TV (TVM) News: tvm.mg, BBC News Madagascar: bbc.com, RFI Madagascar (Radio France Internationale): rfi.fr, China Radio International (CRI) Madagascar: mg.cri.cn, AllAfrica – Madagascar Section: allafrica.com, EcoMada: ecomada.mg, TopMada: topmada.com, 2424.mg: 2424.mg",8
Africa,Malawi,Business & Specialized Publications,"The Business Times Malawi: businesstimesmw.com, Farmers Voice Magazine: farmersvoicemw.com",2
Africa,Malawi,Chichewa & Other Local Language Publications,"Moni Magazine: moni-magazine.com, Umodzi Newspaper: umodzipaper.com, Boma Lathu: bomalathu.com, Nkhani Zam’maboma (BBC Chichewa): bbc.com, MBC Online (Malawi Broadcasting Corporation): mbc.mw",5
Africa,Malawi,English-Language Publications,"The Nation: mwnation.com, The Daily Times: times.mw, Nyasa Times: nyasatimes.com, Malawi24: malawi24.com, The Maravi Post: maravipost.com, Face of Malawi: faceofmalawi.com, Malawi Voice: malawivoice.com, Zodiak Online: zodiakmalawi.com, Times 360 Malawi: times360malawi.com, The Guardian Malawi: guardianmw.com",10
Africa,Malawi,Independent & Investigative Outlets,"Platform for Investigative Journalism (PIJ Malawi): pijmalawi.org, Centre for Investigative Journalism Malawi (CIJM): cijmalawi.org, The Lamp Magazine: thelampmagazine.com",3
Africa,Morocco,Additional Notable Online News Sources,"Moroccan Diaspora News: diaspora.maroc, Morocco Development Watch: development.maroc, Moroccan Education News: education.maroc, Moroccan Women’s Voice: women.maroc, Morocco Tech News: technews.maroc",5
Africa,Morocco,Arabic-language Newspapers and News Sites,"Al Massae: almassae.press, Assabah: assabah.ma, Al Ahdath Al Maghribia: alahdath.info, Al Yaoum Al Maghribi: alyaoum24.com, Al Maghrib Alyoum: almaghrebalyoum.com, Al Khbar: alkhabar.ma, Al Ousboue: alousboue.com, Rissala: rissala.net, Al Jarida Al Oula: aljarida24.ma, Al Aoula News (Moroccan State TV): alaoula.ma",10
Africa,Morocco,Business & Economy Focused,"Morocco Investment & Business News: investment.maroc, Moroccan Real Estate & Housing: realestate.maroc, Morocco’s Agricultural Sector: agriculture.maroc, Moroccan Tourism Industry: tourism.maroc, Moroccan Startup Scene: startups.maroc",5
Africa,Morocco,Cultural & Historical News Platforms,"Moroccan Heritage & History: heritage.maroc, Moroccan Literary Review: literature.maroc, Moroccan Film & Arts: cinema.maroc, Moroccan Culinary Heritage: culinary.maroc, Morocco’s Cultural Festivals: festivals.maroc",5
Africa,Morocco,Digital-only & Emerging News Platforms,"Morocco Digital News: digital.maroc, Moroccan Youth Voice: youth.maroc, Moroccan Tech & Innovation: tech.maroc, Morocco Travel & Tourism: travel.maroc, Moroccan Food & Culture: food.maroc",5
Africa,Morocco,English-language Newspapers and News Sites,"Morocco World News: moroccoworldnews.com, The North Africa Post: northafricapost.com, Morocco Today: moroccotoday.com, Moroccan American News: moroccanamericannews.com, The Moroccan Observer: moroccanobserver.com, Morocco News Agency (MAP): mapnews.ma, Africa Review: africareview.com, Morocco Business News: moroccobusinessnews.com, Global Moroccan News: globalmoroccanews.com",9
Africa,Morocco,French-language Newspapers and News Sites,"Le Matin: lematin.ma, L'Économiste: leconomiste.com, Aujourd'hui Le Maroc: aujourdhui.ma, La Vie Éco: lavieeco.com, Le Reporter: lereporter.ma, Le360: le360.ma, LesEco: leseco.ma, L’Opinion: lopinion.ma, Maroc Diplomatique: marocdiplomatique.net, Le Journal Hebdomadaire: lejournalhebdomadaire.com",10
Africa,Morocco,Regional and Local Newspapers,"Le Journal de Meknès: lejournaldemeknes.com, L’Opinion de Fès: lopiniondefes.com, Oujda News: oujdapost.ma, Tanger Tribune: tangertribune.com, Agadir Post: agadirpost.com",5
Africa,Morocco,Specialized and Niche News Platforms,"Moroccan Sports News: sport.maroc, Moroccan Arts & Culture: culture.maroc, Moroccan Business & Finance: finance.maroc, Moroccan Environment & Sustainability: environment.maroc, Moroccan Lifestyle & Fashion: lifestyle.maroc",5
Africa,Namibia,Afrikaans & Indigenous Language Publications,"Die Republikein: republikein.com.na, Omutumwa: omutumwa.com, Namib Times: namibtimes.net, Allgemeine Zeitung: az.com.na, Tempo: temponamibia.com, Ewi lyaNooli: , Uukwamatsi: , Informanté: informante.web.na, Namibia Daily News: namibiadailynews.com, Southern Times: southerntimesafrica.com",10
Africa,Namibia,English Publications,"The Namibian: namibian.com.na, New Era: neweralive.na, Namibia Economist: economist.com.na, The Villager: thevillager.com.na, Confidente: confidente.com.na, Namibian Sun: namibiansun.com, Republikein: republikein.com.na, Windhoek Observer: observer24.com.na, Truth, for its time: truth.com.na, Lelamobile: lelamobile.com",10
Africa,Namibia,Table of Contents:,"English Publications: , Afrikaans & Indigenous Language Publications: , Regional & Niche Publications: ",3
Africa,Nigeria,English-language Newspapers and News Sites,"Punch Newspapers: punchng.com, Vanguard Nigeria: vanguardngr.com, The Guardian Nigeria: guardian.ng, This Day: thisdaylive.com, Premium Times: premiumtimesng.com, Daily Trust: dailytrust.com, Channels Television: channelstv.com, The Nation: thenationonlineng.net, NairaMetrics: nairametrics.com, The Cable: thecable.ng",10
Africa,Nigeria,Hausa-language Newspapers and News Sites,"Rariya: rariya.ng, HausaTimes: hausatimes.com, Gaskiya Times: gaskiyattimes.com",3
Africa,Nigeria,Igbo-language Newspapers and News Sites,"Igbo Post: igbopost.com, Nwa Igbo: nwaigbo.com, Igbo Today: igbotoday.com",3
Africa,Nigeria,Pidgin English-language Newspapers and News Sites,"Naija News: naijabusiness.com, LailasBlog: lailasblog.com, Gistmania: gistmania.com",3
Africa,Nigeria,Regional and Local Newspapers,"The Sun Nigeria: sunnewsonline.com, The Nation Newspaper: thenationonlineng.net, Daily Trust (Northern Nigeria): dailytrust.com, The Guardian Nigeria (Lagos-based): guardian.ng",4
Africa,Nigeria,Specialized and Niche Platforms,"TheCable: thecable.ng, Naija247 News: naija247news.com, Nairametrics: nairametrics.com, Pulse Nigeria: pulse.ng",4
Africa,Nigeria,Yoruba-language Newspapers and News Sites,"Orisun: orisunnigeria.com, Yoruba Voice: yorubavoice.com, Yoruba Times: yorubatimes.com",3
Africa,Sierra Leone,English-Language Publications,"Awoko Newspaper: awoko.org, Concord Times: concordtimes.net, Sierra Leone Telegraph: thesierraleonetelegraph.com, Standard Times Press: standardtimespress.org, Politico SL: politicosl.com, Sierra Eye Magazine: sierraeyemagazine.com, The Calabash Newspaper: thecalabashnewspaper.com, Sierra Leone News Hub: slnewshub.com, Salone Times: salonetimes.com, Sierra Loaded: sierraloaded.sl, Sierra Leone Daily Mail: sl.dailymail.com",11
Africa,Sierra Leone,Local Language & Bilingual Publications,"For Di People Newspaper (Krio & English): fordipeople.com, Peep! Magazine (Krio & English): peepmagazine.sl, The New Storm (Krio & English): thenewstorm.org, Leh Wi Tok (Krio & Local Languages): lehwitok.com, Makeni Times (Temne & English): makenitimes.com, Bo Attraction (Mende & English): boattraction.com, Krio News Network (KNN): krionews.sl, Sierra Leone Rural Reporter: slruralreporter.org",8
Africa,Sierra Leone,Table of Contents:,"English-Language Publications: , Local Language & Bilingual Publications: ",2
Africa,Somalia,English-Language Publications,"Garowe Online: garoweonline.com, Hiiraan Online: hiiraan.com, Goobjoog News: goobjoog.com, Somaliland Standard: somalilandstandard.com, The Somali Times: somalitimes.com, Radio Dalsan: radiodalsan.com, Mareeg News: mareeg.com, Somaliland.com: somaliland.com, Keydmedia Online: keydmedia.net, Somalia Newsroom: somalianewsroom.com",10
Africa,Somalia,Somali-Language Publications,"BBC Somali: bbc.com, VOA Somali: voasomali.com, Radio Kulmiye: radiokulmiye.net, SNTV (Somali National Television): sntv.so, Risaala Media: risaala.com, Jowhar News: jowhar.com, Waagacusub: waagacusub.com, Puntland Post: puntlandpost.net, Horn Observer: hornobserver.com, Dalsan TV: dalsantv.com, Somaliland Today: somalilandtoday.net",11
Africa,Somalia,Table of Contents:,"English-Language Publications: , Somali-Language Publications: ",2
Africa,South Africa,Additional Notable South African News Platforms,"SABC News: sabcnews.com, EWN (Eyewitness News): ewn.co.za, The Citizen: citizen.co.za, Daily Maverick: dailymaverick.co.za, SowetanLIVE: sowetanlive.co.za, IOL (Independent Online): iol.co.za, Fin24: fin24.com, The Herald: heraldlive.co.za, Cape Times: capetimes.co.za, City Press: city-press.news24.com",10
Africa,South Africa,Afrikaans-language Newspapers and News Sites,"Die Burger: dieburger.com, Rapport: netwerk24.com, Beeld: beeld.com, Volksblad: volksblad.com",4
Africa,South Africa,English-language Newspapers and News Sites,"News24: news24.com, The South African: thesouthafrican.com, Mail & Guardian: mg.co.za, Business Day: businesslive.co.za, The Citizen: citizen.co.za, Sunday Times: timeslive.co.za, IOL (Independent Online): iol.co.za, SowetanLIVE: sowetanlive.co.za, The Daily Maverick: dailymaverick.co.za, City Press: city-press.news24.com",10
Africa,South Africa,"Tswana, Sesotho, and Other Languages","Botswana Gazette: thegazette.news, Limpopo Mirror: limpopomirror.co.za, Motsweding FM: motswedingfm.co.za",3
Africa,South Africa,Xhosa-language Newspapers and News Sites,"Iinkcukacha: iinkcukacha.co.za, Umhlobo Wenene: umhlobowenene.co.za",2
Africa,South Africa,Zulu-language Newspapers and News Sites,"Ilanga: ilanga.co.za, Inqaba: inqaba.co.za, Umhlobo Wenene: umhlobowenene.co.za",3
Africa,Sudan,Arabic-Language Publications,"Al-Sudani: alsudani.info, Al-Tayar: altareeq.info, Al-Jarida: aljarida.com, Al-Akhbar Al-Youm: alakhbaralyom.net, Al-Rakoba: alrakoba.net, Sudanile: sudanile.com, Al-Midan: almidan.info, Al-Watan: alwatan.sd, Al-Sayha: alsayha.sd, Al-Intibaha: alintibaha.net",10
Africa,Sudan,English-Language Publications,"Sudan Tribune: sudantribune.com, Dabanga Sudan: dabangasudan.org, Radio Dabanga: radiodabanga.org, The Niles: theniles.org, Sudan Daily: sudandaily.org",5
Africa,Sudan,Regional & Specialized Publications,"Darfur 24: darfur24.net, Hurriyat Sudan: hurriyatsudan.com, Sudanow Magazine: sudanow-magazine.net, Zalingei News: ",4
Africa,Sudan,Table of Contents:,"English-Language Publications: , Arabic-Language Publications: , Regional & Specialized Publications: ",3
Africa,Tanzania,English-language Newspapers and News Sites,"The Citizen: thecitizen.co.tz, Daily News: dailynews.co.tz, The Guardian Tanzania: tz.theguardian.com, Tanzania Standard: tzstandard.co.tz, Mwanaspoti: mwanaspoti.co.tz, The East African: theeastafrican.co.tz, Mtanzania: mtanzania.co.tz, Tanzania Today: tanzaniatoday.co.tz, Jambo Leo: jamboleo.co.tz, Bongo5: bongo5.com",10
Africa,Tanzania,Regional and Local Newspapers,"Mwananchi Communications Ltd: mwananchi.co.tz, Kilimanjaro Post: kilimanjaropost.co.tz, Arusha Times: arushatimes.co.tz, Dodoma Times: dodomatimes.co.tz, Mbeya Daily: mbeyadaily.co.tz",5
Africa,Tanzania,Specialized and Niche Platforms,"Tanzania Business News: tanzaniabusiness.co.tz, Tanzania Sports: tanzaniasports.co.tz, Arts and Culture Tanzania: artstanzania.co.tz, Tanzania Environmental Watch: tanzaniaenvironment.co.tz, Tanzania Youth News: tanzaniaYouth.co.tz",5
Africa,Tanzania,Swahili-language Newspapers and News Sites,"Nipashe: habarileo.co.tz, Mwananchi: mwananchi.co.tz, Uhuru: uhuru.co.tz, Majira: majira.co.tz, Sunday News: sundaynews.co.tz, Tanzania Daima: tanzaniadaima.co.tz, Michezoyake: michezoyake.co.tz, Mzalendo: mzalendo.co.tz, Tanzania Leo: tanzanialeo.co.tz",9
Africa,Tunisia,English-Language Newspapers in Tunisia,"Tunisia Live: tunisia-live.net, The North Africa Post: northafricapost.com, Tunisia Observer: tunisiaobserver.com",3
Africa,Tunisia,Leading French-Language Tunisian Dailies,"La Presse de Tunisie: lapresse.tn, Le Temps: letemps.com.tn, Business News: businessnews.com.tn, HuffPost Maghreb: huffpostmaghreb.com, Kapitalis: kapitalis.com, Webdo: webdo.tn",6
Africa,Tunisia,Most Popular Arabic Newspapers in Tunisia,"Assabah (الصباح): assabah.com.tn, Al Chourouk (الشروق): alchourouk.com, Akhbar Tounes (أخبار تونس): akhbartounes.com, Tunisie Numérique (تونس الرقمية): tunisienumerique.com, Shems FM (شمس أف أم): shemsfm.net, Mosaique FM (إذاعة موزاييك أف أم): mosaiquefm.net, Tunisie Haut Debit (تونس هوت دوبيت): tunisiehautdebit.com",7
Africa,Tunisia,Other Notable Publications,"Inkyfada (إنكيفادا): inkyfada.com, Nawaat: nawaat.org, Tunis Webdo: tuniswebdo.com, Tunisie Tribune: tunisietribune.com, Al Maghreb (المغرب): almaghreb.tn, Tunisia Today: tunisia-today.com",6
Africa,Uganda,English-Language Publications,"Daily Monitor: monitor.co.ug, New Vision: newvision.co.ug, The Observer: observer.ug, The Independent: independent.co.ug, ChimpReports: chimpreports.com, Nile Post: nilepost.co.ug, SoftPower News: softpower.ug, PML Daily: pmldaily.com, The Pearl Times: pearltimes.co.ug, Uganda Radio Network (URN): ugandaradionetwork.net, The Kampala Post: thekampalapost.com, CEO Magazine Uganda: ceo.co.ug",12
Africa,Uganda,Luganda & Other Local Language Publications,"Bukedde: bukedde.co.ug, Bukedde TV Online: bukeddetv.co.ug, Spy Uganda: spyuganda.com, Ggwanga Online: ggwanga.com, Uganda Online: ugandaonline.net, Eddoboozi: eddoboozi.com, Tugende Radio: tugenderadio.com, Ekyooto Uganda: ekyooto.com, Ampaire News: ampaire.com, Rupiny: rupiny.co.ug",10
Africa,Zimbabwe,Business and Specialized Publications,"Financial Gazette: fingaz.co.zw, Zimbabwe Business Times: zimbusinesstimes.com",2
Africa,Zimbabwe,English-Language Publications,"The Herald: herald.co.zw, NewsDay: newsday.co.zw, The Standard: thestandard.co.zw, Zimbabwe Independent: theindependent.co.zw, Daily News: dailynews.co.zw, The Sunday Mail: sundaymail.co.zw, 263Chat: 263chat.com, ZimLive: zimlive.com, NewZimbabwe: newzimbabwe.com, The Zimbabwean: thezimbabwean.co",10
Africa,Zimbabwe,Independent and Alternative News Sites,"ZimEye: zimeye.net, Pindula News: pindula.co.zw, TechZim: techzim.co.zw, Kubatana.net: kubatana.net",4
Africa,Zimbabwe,Shona and Ndebele-Language Publications,"Kwayedza: herald.co.zw, uMthunywa: chronicle.co.zw, H-Metro: hmetro.co.zw",3
Asia,Afghanistan,Leading Dari & Pashto News Sources in Afghanistan,"BBC Persian (Dari): bbc.com, Radio Free Europe/Radio Liberty (Azadi Radio): rferl.org, Etilaat Roz: etilaatroz.com, Daily Afghanistan: dailyafghanistan.com, Cheragh Daily: cheraghdaily.org, Hewad Daily: hewad.com, Mandegar Daily: mandegardaily.com, Wakht News Agency: wakhtnews.af, Shamshad TV: shamshad.tv, Bakhtar News Agency: bakhtarnews.af, Rah Press: rahpress.com, Nunn.Asia: nunn.asia",12
Asia,Afghanistan,Regional & Specialized Publications,"Rukhshana Media: rukhshana.com, Afghanistan Analysts Network: afghanistan-analysts.org, The Killid Group: tkg.af, Afghan Islamic Press (AIP): aipnews.com, Sarnesht: sarnesht.com, Gharghasht TV: gharghasht.tv",6
Asia,Afghanistan,Top English-Language Newspapers in Afghanistan,"TOLOnews: tolonews.com, Ariana News: ariananews.af, Khaama Press: khaama.com, Pajhwok Afghan News: pajhwok.com, Afghanistan Times: afghanistantimes.af, Hasht-e Subh Daily: 8am.af",6
Asia,Bangladesh,Barishal & Southern Delta,"The Daily Ajker Barta: ajkerbarta.com, The Daily Lokabani: dailylokabani.com",2
Asia,Bangladesh,Chittagong & Southeast Region,"Dainik Azadi: dainikazadi.org, The Daily Purbokone: dailypurbokone.net, Cox’s Bazar Times: coxsbazartimes.com",3
Asia,Bangladesh,Khulna & Southwest Region,"The Daily Purbanchal: dailypurbanchal.com, Rupsha Ragar: rupsharagar.com",2
Asia,Bangladesh,Leading Bengali Dailies in Bangladesh – Must-Read Newspapers,"Prothom Alo: prothomalo.com, Jugantor: jugantor.com, Kaler Kantho: kalerkantho.com, Samakal: samakal.com, Ittefaq: ittefaq.com.bd, Manab Zamin: mzamin.com, Naya Diganta: dailynayadiganta.com, Amader Shomoy: dainikamadershomoy.com, Bhorer Kagoj: bhorerkagoj.com, Inqilab: dailyinqilab.com, Sangbad: sangbad.net.bd, Dainik Azadi: dainikazadi.org, Daily Bangladesh: daily-bangladesh.com, RisingBD: risingbd.com, Bangla News 24: banglanews24.com, Somoy TV News: somoynews.tv",16
Asia,Bangladesh,Mymensingh & Central Region,"The Daily Amar Desh Amar Gram: addag.com, The Daily Kishoreganj Barta: kishoreganjbarta.com",2
Asia,Bangladesh,Rajshahi & Northwest Region,"The Daily Sonar Desh: dailysonardesh.com, The Daily Natun Provat: dailynatunprovat.com",2
Asia,Bangladesh,Rangpur & Northern Region,"The Daily Paribartan: dailyparibartan.com, Dainik Uttarbanga Sambad: uttarbangasambad.com",2
Asia,Bangladesh,Regional Newspapers in Bangladesh – Local News Coverage,"Sylhet & Northeast Region: , Chittagong & Southeast Region: , Khulna & Southwest Region: , Rajshahi & Northwest Region: , Rangpur & Northern Region: , Barishal & Southern Delta: , Mymensingh & Central Region: ",7
Asia,Bangladesh,Sylhet & Northeast Region,"Sylheter Dak: sylheterdak.com.bd, The Daily Sylhet Mirror: sylhetmirror.com, Alokito Sylhet: alokitosylhet.com",3
Asia,Bangladesh,Top English Newspapers in Bangladesh – Trusted BD News Sources,"The Daily Star: thedailystar.net, Dhaka Tribune: dhakatribune.com, New Age: newagebd.net, The Business Standard: tbsnews.net, Bangladesh Post: bangladeshpost.net, The Financial Express: thefinancialexpress.com.bd, UNB (United News of Bangladesh): unb.com.bd, BD News 24: bdnews24.com",8
Asia,Cambodia,English Publications,"The Phnom Penh Post: phnompenhpost.com, The Khmer Times: khmertimeskh.com, Cambodia Daily: cambodiadaily.com, Southeast Asia Globe: southeastasiaglobe.com, VOD English: vodenglish.news, CamboJA News: cambojanews.com, ASEAN Today: aseantoday.com",7
Asia,Cambodia,Khmer-Language Publications,"Koh Santepheap: kohsantepheapdaily.com.kh, Rasmei Kampuchea: rasmeinews.kh, Fresh News: freshnewsasia.com, Thmey Thmey: thmeythmey.com, Cambodia Express News: cambodiaexpressnews.com, Post Khmer: postkhmer.com, Nokorwat News: nokorwatnews.com, Sabay News: sabay.com.kh, TVK News: tvk.gov.kh, Bayon TV News: bayonnews.tv, Hang Meas News: hangmeasnews.com, DAP News: dap-news.com, CNE (Cambodia News English): cne.wtf",13
Asia,Cambodia,Other Languages & Niche Publications,"Le Petit Journal Cambodge: lepetitjournal.com, Cambodia China Times: cambodiachinatimes.com, Kampuchea Thmey: kampucheathmey.com, PNN (Phnom Penh News): pnn.com.kh, Popular News: popularnews.com.kh, Apsara News: apsaranews.com",6
Asia,China,Additional Notable Outlets,"Economic Observer (经济观察报): eeo.com.cn, Legal Daily (法制日报): legaldaily.com.cn, Health Times (健康时报): jksb.com.cn, Worker's Daily (工人日报): workercn.cn",4
Asia,China,Business & Financial News,"Caixin (财新网): caixin.com, 21st Century Business Herald (21世纪经济报道): 21jingji.com, Yicai (第一财经): yicai.com, Bloomberg China (彭博社): bloomberg.com, Sina Finance (新浪财经): finance.sina.com.cn",5
Asia,China,Chinese-Language National Newspapers (中文),"People's Daily (人民日报): people.com.cn, Global Times (环球时报): globaltimes.cn, China Daily (中国日报): chinadaily.com.cn, Xinhua News Agency (新华社): xinhuanet.com, Guangming Daily (光明日报): gmw.cn",5
Asia,China,English-Language News Outlets,"South China Morning Post: scmp.com, Sixth Tone: sixthtone.com, China News Service (中国新闻社): ecns.cn, The Paper (澎湃新闻 English): thepaper.cn, CGTN (中国国际电视台): cgtn.com",5
Asia,China,Lifestyle & Culture,"Lifeweek (三联生活周刊): lifeweek.com.cn, China Culture Daily (中国文化报): ccdy.cn, That's Magazines: thatsmags.com",3
Asia,China,Politics & Current Affairs,"Study Times (学习时报): studytimes.cn, Qiushi Journal (求是): qstheory.cn, China Youth Daily (中国青年报): cyol.com",3
Asia,China,Regional & Local Newspapers,"Beijing News (新京报): bjnews.com.cn, Southern Metropolis Daily (南方都市报): oeeee.com, Shanghai Daily (上海日报): shine.cn, Shenzhen Special Zone Daily (深圳特区报): sztqb.sznews.com, Chengdu Business Daily (成都商报): e.chengdu.cn",5
Asia,China,Sports (体育),"Titan Sports (体坛周报): titansports.cn, PP Sports (PP体育): ppsport.com",2
Asia,China,Technology & Innovation,"36Kr (36氪): 36kr.com, PingWest (品玩): pingwest.com, IT Times (IT时报): ittime.com.cn",3
Asia,Georgia,English-Language Publications,"Georgia Today: georgiatoday.ge, Agenda.ge: agenda.ge, The Messenger: messenger.com.ge, Civil.ge: civil.ge, JAMnews (Georgia): jam-news.net, OC Media: oc-media.org, bM Georgia: bm.ge, Hvino News: hvino.com, Georgian Journal: georgianjournal.ge, DFWatch (Democracy & Freedom Watch): dfwatch.net",10
Asia,Georgia,Leading Georgian-Language Newspapers,"Rezonansi: rezonansi.ge, Kviris Palitra: kvirispalitra.ge, Netgazeti: netgazeti.ge, Tabula: tabula.ge, Publika: publika.ge, Mtavari Arkhi (Main Channel): mtavari.tv, Rustavi 2: rustavi2.ge, TV Pirveli: tvpirveli.ge, Interpressnews: interpressnews.ge, Sputnik Georgia (Russian-backed): sputnik-georgia.ru",10
Asia,Georgia,Russian-Language Publications,"SOVA: sova.news, Vestnik Kavkaza: vestikavkaza.ru, Georgia Online: georgia-apsny.ge, Ekhokavkaza (Echo of the Caucasus): ekhokavkaza.com, Regnum (Georgia Section): regnum.ru",5
Asia,India,Business & Financial News,"Moneycontrol: moneycontrol.com, CNBC TV18: cnbctv18.com",2
Asia,India,Digital-First News Platforms,"Scroll.in: scroll.in, The Wire: thewire.in, Newslaundry: newslaundry.com",3
Asia,India,English-Language Newspapers in India,"The Times of India: timesofindia.indiatimes.com, The Hindu: thehindu.com, Hindustan Times: hindustantimes.com, The Indian Express: indianexpress.com, Deccan Chronicle: deccanchronicle.com, The Telegraph: telegraphindia.com, Mint: livemint.com, Business Standard: business-standard.com, The Economic Times: economictimes.indiatimes.com, The Print: theprint.in",10
Asia,India,Government & Policy,PIB India: pib.gov.in,1
Asia,India,Hindi-Language News Outlets (हिंदी),"Dainik Jagran: jagran.com, Amar Ujala: amarujala.com, Dainik Bhaskar: bhaskar.com, Navbharat Times: navbharattimes.indiatimes.com, Prabhat Khabar: prabhatkhabar.com",5
Asia,India,International Focus,"The Wire Science: science.thewire.in, The Quint: thequint.com",2
Asia,India,Regional Language Newspapers,"Anandabazar Patrika: anandabazar.com, Ei Samay: eisamay.indiatimes.com, Lokmat: lokmat.com, Sakal: esakal.com, Daily Thanthi: dailythanthi.com, Dinamalar: dinamalar.com, Eenadu: eenadu.net, Sakshi: sakshi.com, Malayala Manorama: manoramaonline.com, Mathrubhumi: mathrubhumi.com, Vijaya Karnataka: vijaykarnataka.com, Prajavani: prajavani.com, Gujarat Samachar: gujaratsamachar.com, Divya Bhaskar: divyabhaskar.co.in, Jag Bani: jagbani.com",15
Asia,India,Sports & Entertainment,"Sportskeeda: sportskeeda.com, Filmfare: filmfare.com",2
Asia,Indonesia,"Arts, Culture & Lifestyle","Kedaulatan Rakyat (Yogyakarta): kedaulatanrakyat.co.id, Grid Network (Popbela, Hai): grid.id, DestinAsian: destinasian.com, Female Daily: femaledaily.com, Qubicle: qubicle.id",5
Asia,Indonesia,Business & Financial News,"Bisnis Indonesia: bisnisindonesia.id, Kontan: kontan.co.id, Investor Daily: investor.id, CNBC Indonesia: cnbcindonesia.com, Marketplus.co.id: marketplus.co.id",5
Asia,Indonesia,English-Language News Sources,"The Jakarta Post: thejakartapost.com, Jakarta Globe: jakartaglobe.id, Indonesia Expat: indonesiaexpat.biz, Coconuts Jakarta: coconuts.co, ASEAN Today: aseantoday.com",5
Asia,Indonesia,Indonesian-Language (Bahasa Indonesia) News,"Kompas: kompas.com, Koran Tempo: koran.tempo.co, Media Indonesia: mediaindonesia.com, Republika: republika.co.id, Sindo News (Seputar Indonesia): sindonews.com, Detikcom: detik.com, CNN Indonesia: cnnindonesia.com, Tempo.co: tempo.co, Kumparan: kumparan.com, Suara.com: suara.com",10
Asia,Indonesia,Regional & Local Newspapers,"Pikiran Rakyat (Bandung): pikiran-rakyat.com, Jawa Pos (Surabaya): jawapos.com, Tribun Network (Multiple Cities): tribunnews.com, Bali Post (Denpasar): balipost.com, Riau Pos (Pekanbaru): riaupos.jawapos.com",5
Asia,Indonesia,Sports & Entertainment,"Bola.com: bola.com, Bola.net: bola.net, Liputan6: liputan6.com, Hot Detik: hot.detik.com, Dunia Games: duniagames.co.id",5
Asia,Iran,Leading Persian Newspapers for Iran News,"Kayhan: kayhan.ir, Jomhouri-e Eslami: jomhourieslami.com, Hamshahri: hamshahrionline.ir, Shargh: sharghdaily.com, Etemad: etemadnewspaper.ir, Donya-e-Eqtesad: donya-e-eqtesad.com, Aftab-e Yazd: aftab-yazd.com, Javan: javanonline.ir, Resalat: resalat-news.com, Iran: iran-newspaper.com, Khabar Online: khabaronline.ir, Tasnim News Agency: tasnimnews.com, Fars News Agency: farsnews.ir, ISNA (Iranian Students' News Agency): isna.ir, IRNA (Islamic Republic News Agency): irna.ir",15
Asia,Iran,Other Language Publications,"Al-Alam News Network (Arabic): alalam.ir, HispanTV (Spanish): hispantv.com, Pars Today (Multilingual): parstoday.com, Khabar International (Azeri/Turkish): khabaraz.ir",4
Asia,Iran,Top English-Language Newspapers in Iran,"Tehran Times: tehrantimes.com, Press TV: presstv.ir, Financial Tribune: financialtribune.com, Iran Daily: iran-daily.com, Mehr News Agency (English): en.mehrnews.com, IFP News (Iran Front Page): ifpnews.com, Kayhan International: kayhan.ir",7
Asia,Iraq,Kurdish-Language Iraqi Newspapers for Regional Updates,"Rudaw (Kurdish): rudaw.net, Kurdistan TV: kurdistantv.net, Awene: awene.com, PUKmedia: pukmedia.com, BasNews: basnews.com, KNN: knnnews.net, Hawlati: hawlati.info",7
Asia,Iraq,Leading Arabic Newspapers Covering Iraq News,"Al-Sabah: alsabaah.iq, Al-Mada: almadapaper.net, Al-Zaman Iraq: azzaman.com, Alsumaria TV: alsumaria.tv, Buratha News: burathanews.com, Al Ghad Press: alghadpress.com, Alforat News: alforatnews.iq, Dijlah TV: dijla.tv, Nas News: nasnews.com, Kitabat: kitabat.com",10
Asia,Iraq,Top English-Language Newspapers in Iraq,"Rudaw English: rudaw.net, Iraqi News: iraqinews.com, The Baghdad Post: thebaghdadpost.com, Shafaq News (English): shafaq.com, Kurdistan 24: kurdistan24.net, NRT English: nrtenglish.com",6
Asia,Japan,Additional Notable Outlets,"Jiji Press (時事通信): jiji.com, Ministry of Foreign Affairs (MOFA): mofa.go.jp, Japan Forward: japan-forward.com, Zenbird: zenbird.media",4
Asia,Japan,Arts & Culture,"Nippon.com: nippon.com, Spoon & Tamago: spoon-tamago.com, Tokyo Art Beat: tokyoartbeat.com",3
Asia,Japan,Business & Financial News,"Nikkei Asian Review: asia.nikkei.com, Bloomberg Japan (ブルームバーグ): bloomberg.co.jp, Toyokeizai (東洋経済): toyokeizai.net, Diamond Online (ダイヤモンドオンライン): diamond.jp, Reuters Japan (ロイター): jp.reuters.com",5
Asia,Japan,English-Language News Sources,"The Japan Times: japantimes.co.jp, NHK World-Japan: www3.nhk.or.jp, Kyodo News (English): english.kyodonews.net, Japan Today: japantoday.com, GaijinPot Blog: blog.gaijinpot.com",5
Asia,Japan,Japanese-Language Newspapers (日本語),"Yomiuri Shimbun (読売新聞): yomiuri.co.jp, Asahi Shimbun (朝日新聞): asahi.com, Mainichi Shimbun (毎日新聞): mainichi.jp, Nihon Keizai Shimbun (日本経済新聞): nikkei.com, Sankei Shimbun (産経新聞): sankei.com",5
Asia,Japan,Lifestyle & Entertainment,"SoraNews24: soranews24.com, Grape Japan: grapee.jp, Time Out Tokyo: timeout.com",3
Asia,Japan,Politics & Investigative Journalism,"Shukan Kinyobi (週刊金曜日): kinyobi.co.jp, Aera (アエラ): dot.asahi.com, Shukan Bunshun (週刊文春): bunshun.jp, Tokyo Reporter: tokyoreporter.com",4
Asia,Japan,Regional & Local Newspapers (日本語),"Tokyo Shimbun (東京新聞): tokyo-np.co.jp, Chunichi Shimbun (中日新聞): chunichi.co.jp, Hokkaido Shimbun (北海道新聞): hokkaido-np.co.jp, Nishinippon Shimbun (西日本新聞): nishinippon.co.jp, Ryukyu Shimpo (琉球新報): ryukyushimpo.jp",5
Asia,Japan,Sports (日本語),"Sponichi Annex (スポニチ): sponichi.co.jp, Hochi Shimbun (報知新聞): hochi.co.jp, Nikkan Sports (日刊スポーツ): nikkansports.com",3
Asia,Japan,Technology & Gaming,"ITmedia: itmedia.co.jp, Famitsu: famitsu.com, 4Gamer.net: 4gamer.net",3
Asia,Laos,Business & Specialized Publications,"Lao Business Daily: laobusinessdaily.com, Lao Development News: laodevelopmentnews.com",2
Asia,Laos,English Publications,"Vientiane Times: vientianetimes.org.la, Laotian Times: laotiantimes.com, The Star (Laos section): thestar.com.my",3
Asia,Laos,Lao-Language Publications,"Pasaxon (The People): pasaxon.org.la, Vientiane Mai (New Vientiane): vientianemai.net, Pathet Lao: pathetlao.la, Lao News Agency (KPL): kpl.gov.la, Lao Post: laopost.com, Lao Economic Daily: laoedaily.com.la, Xinhua Laos: xinhuanet.com",7
Asia,Laos,Other Key Publications & Platforms,"Le Rénovateur: lerenovateur.la, Lao News: laonews.org, Lao Voices: laovoices.com, The Laotian: thelaotian.com, Radio Free Asia (Lao Service): rfa.org, Voice of America – Lao: voanews.com",6
Asia,Laos,Regional & International Coverage,"ASEAN Today: aseantoday.com, Nikkei Asia: asia.nikkei.com, The Diplomat: thediplomat.com, Reuters: reuters.com, Al Jazeera: aljazeera.com",5
Asia,Malaysia,Chinese-Language Publications,"Sin Chew Daily: sinchew.com.my, China Press: chinapress.com.my, Nanyang Siang Pau: enanyang.my, Oriental Daily News: orientaldaily.com.my, Kwong Wah Yit Poh: kwongwah.com.my, The Sun Daily (Chinese Section): thesundaily.my",6
Asia,Malaysia,English-Language Publications,"The Star: thestar.com.my, Malay Mail: malaymail.com, New Straits Times (NST): nst.com.my, Free Malaysia Today (FMT): freemalaysiatoday.com, The Edge Malaysia: theedgemarkets.com, Malaysiakini (English Section): malaysiakini.com, South China Morning Post (Malaysia Section): scmp.com",7
Asia,Malaysia,Malay-Language (Bahasa Malaysia) Publications,"Utusan Malaysia: utusan.com.my, Berita Harian: bharian.com.my, Harian Metro: hmetro.com.my, Kosmo!: kosmo.com.my, Sinar Harian: sinarharian.com.my, Astro Awani: astroawani.com, mStar: mstar.com.my",7
Asia,Malaysia,Online-Only & Alternative News,"The Vibes: thevibes.com, Malaysia Gazette: malaysiagazette.com, Rocketkini: therocket.com.my, Cilisos.my: cilisos.my, Twentytwo13: twentytwo13.my",5
Asia,Malaysia,Tamil-Language Publications,"Tamil Nesan: tamilnesan.com.my, Malaysia Nanban: nanban.com.my, Makkal Osai: makkalosai.com.my",3
Asia,Myanmar,Ethnic & Regional Newspapers in Myanmar,"Kachinland News: kachinlandnews.com, Shan Herald: shannews.org, Karen News: karennews.org, Chinland Guardian: chinlandguardian.com, BNI Online: bnionline.net, Myanmar Digital News: mdn.gov.mm, Myanma Alinn: myanmaalinn.com.mm, The Thaiger (Myanmar Section): thethaiger.com",8
Asia,Myanmar,Leading English-Language Newspapers in Myanmar,"The Myanmar Times: myanmartimes.com, Frontier Myanmar: frontiermyanmar.net, The Irrawaddy: irrawaddy.com, Mizzima: mizzima.com, Myanmar Now: myanmar-now.org, Eleven Media: elevenmyanmar.com, Global New Light of Myanmar: globalnewlightofmyanmar.com, The Standard: thestandard.com.mm",8
Asia,Myanmar,Popular Burmese News Sources for Local Updates,"7Day News: 7daynews.com.mm, The Voice Daily: thevoicemyanmar.com, Daily Eleven: elevenmedia.group, Khit Thit Media: khithit.com, DVB (Democratic Voice of Burma): dvb.no, Mawkun: mawkun.com, Narinjara: narinjara.com, Yangon Media Group: yangonmediagroup.com",8
Asia,Nepal,Business and Specialized News,"Khabarhub: khabarhub.com, ShareSansar: sharesansar.com, TechPana: techpana.com",3
Asia,Nepal,English-Language Publications,"The Kathmandu Post: kathmandupost.com, The Himalayan Times: thehimalayantimes.com, Republica: myrepublica.nagariknetwork.com, Onlinekhabar (English): english.onlinekhabar.com, Nepali Times: nepalitimes.com, Setopati (English): english.setopati.com",6
Asia,Nepal,"Maithili, Bhojpuri and Newari Publications","The Mithila Post: mithilapost.com, Bhojpuria Khabar: bhojpuriakhabar.com, Newa Vision: newavision.com.np, Dainik Aawaz: dainikaawaz.com",4
Asia,Nepal,Nepali Publications,"Kantipur: ekantipur.com, Nagarik Daily: nagariknews.nagariknetwork.com, Annapurna Post: theannapurnapost.com, Gorkhapatra: gorkhapatraonline.com, Onlinekhabar (Nepali): onlinekhabar.com, Setopati (Nepali): setopati.com, Ratopati: ratopati.com, Ukaalo: ukaalo.com.np, Himal Khabarpatrika: himalmedia.com",9
Asia,Pakistan,Business & Financial News,"Profit by Pakistan Today: profit.pakistantoday.com.pk, Mettis Global: mettisglobal.news, CNBC Pakistan: cnbcpakistan.com",3
Asia,Pakistan,Digital-First News Platforms,"Geo News: geo.tv, ARY News: arynews.tv, Samaa TV: samaa.tv, The Current: thecurrent.pk",4
Asia,Pakistan,English-Language Newspapers,"Dawn: dawn.com, The News International: thenews.com.pk, The Express Tribune: tribune.com.pk, Business Recorder: brecorder.com, Pakistan Today: pakistantoday.com.pk",5
Asia,Pakistan,Lifestyle & Entertainment,"Something Haute: somethinghaute.com, Galaxy Lollywood: galaxylollywood.com",2
Asia,Pakistan,Politics & Investigative Journalism,"The Friday Times: thefridaytimes.com, Naya Daur: nayadaur.tv, HumSub: humsub.com.pk",3
Asia,Pakistan,Regional Language Newspapers,"Kawish: kawishonline.com, Wahdat: wahdatnews.com, Daily Azadi: dailyazadi.com",3
Asia,Pakistan,Sports News,"Cricwick: cricwick.com, PakPassion: pakpassion.net",2
Asia,Pakistan,Urdu-Language Newspapers (اردو),"Jang: jang.com.pk, Express: express.com.pk, Nawa-i-Waqt: nawaiwaqt.com.pk, Dunya: dunya.com.pk, Khabrain: khabrain.com.pk",5
Asia,Philippines,Business & Financial News,"BusinessMirror: businessmirror.com.ph, Malaya Business Insight: malaya.com.ph, The Edge Philippines: theedge.com.ph",3
Asia,Philippines,Digital-First News Platforms,"Rappler: rappler.com, CNN Philippines: cnnphilippines.com, ABS-CBN News: news.abs-cbn.com, GMA News Online: gmanetwork.com, Interaksyon: interaksyon.philstar.com",5
Asia,Philippines,English-Language National Newspapers,"Philippine Daily Inquirer: inquirer.net, The Philippine Star: philstar.com, Manila Bulletin: mb.com.ph, BusinessWorld: bworldonline.com, The Manila Times: manilatimes.net",5
Asia,Philippines,Filipino-Language News (Tagalog),"Abante: abante.com.ph, Pilipino Star Ngayon: philstar.com, Balita: balita.net.ph, Bandera: bandera.inquirer.net, Remate: remate.ph",5
Asia,Philippines,Lifestyle & Entertainment,"Preview: preview.ph, Spot.ph: spot.ph, PEP.ph: pep.ph",3
Asia,Philippines,Politics & Investigative Journalism,"VERA Files: verafiles.org, Bulatlat: bulatlat.com, Philippine Center for Investigative Journalism (PCIJ): pcij.org",3
Asia,Philippines,Regional Language Newspapers,"SunStar Cebu: sunstar.com.ph, Banat News: banat.ph, Bannawag: bannawag.kompas.ph, Panay News: panaynews.net",4
Asia,Philippines,Sports & Gaming,"Cricwick: cricwick.com, PakPassion: pakpassion.net",2
Asia,South Korea,"Arts, Culture & Lifestyle","Kpop Herald: kpopherald.koreaherald.com, 10Asia: tenasia.hankyung.com, The Korea Economic Daily Culture: munhwa.com, Sports Chosun: sports.chosun.com, OSEN: osen.co.kr",5
Asia,South Korea,Business & Financial Focus,"The Bell: thebell.co.kr, Fn News: fnnews.com, Hankyung (한국경제): hankyung.com, Asia Today: asiatoday.co.kr, Korea IT Times: koreaittimes.com",5
Asia,South Korea,English-Language News Sources,"The Korea Herald: koreaherald.com, The Korea Times: koreatimes.co.kr, JoongAng Daily: koreajoongangdaily.joins.com, Yonhap News Agency (English Edition): en.yna.co.kr, The Hankyoreh (English Edition): english.hani.co.kr, The Daily NK: dailynk.com, Seoul Times: theseoultimes.com, Korea Economic Daily (KED Global): kedglobal.com, BusinessKorea: businesskorea.co.kr",9
Asia,South Korea,Korean-Language News Outlets,"Chosun Ilbo (조선일보): chosun.com, Donga Ilbo (동아일보): donga.com, JoongAng Ilbo (중앙일보): joongang.co.kr, Hankook Ilbo (한국일보): hankookilbo.com, Kyunghyang Shinmun (경향신문): khan.co.kr, Hankyoreh (한겨레): hani.co.kr, Maeil Business Newspaper (매일경제): mk.co.kr, Seoul Shinmun (서울신문): seoul.co.kr, Oh My News (오마이뉴스): ohmynews.com, Pressian (프레시안): pressian.com, Money Today (머니투데이): news.mt.co.kr, Edaily (이데일리): edaily.co.kr, News1 (뉴스1): news1.kr, YTN (와이티엔): ytn.co.kr, SBS News (에스비에스 뉴스): news.sbs.co.kr, KBS News (한국방송공사 뉴스): news.kbs.co.kr, MBC News (문화방송 뉴스): imnews.imbc.com, JTBC News (제이티비씨 뉴스): news.jtbc.co.kr, Channel A News (채널A 뉴스): news.ichannela.com, MBN News (매일방송 뉴스): mbn.co.kr",20
Asia,South Korea,Politics & Investigative Journalism,"Newstapa: newstapa.org, Media Today: mediatoday.co.kr, VOP (민중의소리): vop.co.kr, Kukmin Ilbo: kmib.co.kr, Herald Business: news.heraldcorp.com",5
Asia,South Korea,Regional & Local Newspapers,"Busan Ilbo (부산일보): busan.com, Gyeongin Ilbo (경인일보): kyeongin.com, Jeju Ilbo (제주일보): jejuilbo.net, Gangwon Ilbo (강원일보): kwnews.co.kr, Daegu Ilbo (대구일보): idaegu.com",5
Asia,Syria,International/Exile-Based,"Syria Untold: syriauntold.com, The Levant News: thelevantnews.com, Syria Report: syria-report.com, Radio Al-Kul: radioalkul.com, Smart News Agency: smartnews-agency.com",5
Asia,Syria,Kurdish & Other Languages,"Hawar News: hawarnews.com, ANHA (Hawar News Agency): anfenglish.com, Arta FM: arta.fm",3
Asia,Syria,Syrian Newspapers in English: Key Sources for Global Readers,"Syria Times: syriatimes.sy, The Syrian Observer: syrianobserver.com, Enab Baladi (English Section): english.enabbaladi.net, Syria Direct: syriadirect.org",4
Asia,Syria,Top Arabic-Language Newspapers in Syria,"Al-Thawra: thawra.sy, Tishreen: tishreen.news.sy, Al-Watan: alwatan.sy, SANA (Syrian Arab News Agency): sana.sy, Orient Net: orient-net.net, Zaman al-Wasl: en.zamanalwsl.net, Baladi News: baladinow.net, Syria TV: syria.tv, Al-Modon: almodon.com, All4Syria: all4syria.info, Nabd News: nabd.sy",11
Asia,Taiwan,Chinese-Language News Media List,"United Daily News (UDN): udn.com, Liberty Times (Liberty Times Net): ltn.com.tw, China Times: chinatimes.com, Apple Daily Taiwan: tw.appledaily.com, Storm Media: storm.mg",5
Asia,Taiwan,English-Language News Sources,"Taipei Times: taipeitimes.com, Taiwan News: taiwannews.com.tw, Focus Taiwan: focustaiwan.tw, The News Lens: international.thenewslens.com, Taiwan Today: taiwantoday.tw",5
Asia,Taiwan,"Other Languages (Mainly Japanese, Korean, and Others)","Japan Times (English): japantimes.co.jp, Korea Times (English): koreatimes.co.kr, Malay Mail (English): malaymail.com, South China Morning Post (English): scmp.com, Nikkei Asia (English): asia.nikkei.com",5
Asia,Taiwan,Regional and Specialized Publications,"The Diplomat: thediplomat.com, Taiwan Business Topics: topics.amcham.com.tw, Taiwan Review: taiwanreview.nat.gov.tw, EBC News (Chinese & English): english.rti.org.tw, Radio Taiwan International (RTI): rti.org.tw, Taiwan Insider: taiwaninsider.nat.gov.tw, Money Weekly (Chinese): moneyweekly.com.tw, Liberty Times Net: news.ltn.com.tw, China Post: chinapost.nownews.com, Taiwan Daily: taiwandaily.com",10
Asia,Thailand,Arabic-Language Publications,Al-Youm Al-Thai (اليوم التايلاندي): althailandi.com,1
Asia,Thailand,Best English-Language Newspapers in Thailand,"Bangkok Post: bangkokpost.com, The Nation Thailand: nationthailand.com, Thai PBS World: thaipbsworld.com, Khaosod English: khaosodenglish.com, Pattaya Mail: pattayamail.com, The Phuket News: thephuketnews.com, The Thaiger: thethaiger.com, Coconuts Bangkok: coconuts.co, ASEAN Now (formerly ThaiVisa News): aseannow.com",9
Asia,Thailand,Chinese-Language Publications,"Sing Sian Yer Pao (星暹日报): singsianyerpao.com, UDN Thailand (聯合報泰國版): udn.com, Thai Chinese News (泰华网): thai-chinese.com",3
Asia,Thailand,French-Language Publications,Le Petit Journal Bangkok: lepetitjournal.com,1
Asia,Thailand,German-Language Publications,Deutsche in Thailand (Germans in Thailand): deutsche.in.th,1
Asia,Thailand,Japanese-Language Publications,"Bangkok Shimbun (バンコク新聞): bangkokshimbun.com, Siam News Network (Japanese Edition): siam-news.co.jp",2
Asia,Thailand,Korean-Language Publications,"Thai Korea News (태국코리아뉴스): thaikoreanews.com, Siam Korea (시암코리아): siamkorea.com",2
Asia,Thailand,Multilingual & Expat Platforms,"The Pattaya Trader: pattayatrader.com, Sawatdee Network: sawatdee.com",2
Asia,Thailand,Other Language Newspapers in Thailand,"Chinese-Language Publications: , Japanese-Language Publications: , Korean-Language Publications: , French-Language Publications: , German-Language Publications: , Arabic-Language Publications: , Russian-Language Publications: , Multilingual & Expat Platforms: ",8
Asia,Thailand,Russian-Language Publications,Thai-Russian News (Тайские Новости): thai-russia.ru,1
Asia,Thailand,Top Thai-Language Newspapers in Thailand,"Thai Rath: thairath.co.th, Matichon: matichon.co.th, Khaosod: khaosod.co.th, Daily News: dailynews.co.th, Post Today: posttoday.com, Manager Online: mgronline.com, Prachachat: prachachat.net, Kom Chad Luek: komchadluek.net, Sanook News: sanook.com, Spring News: springnews.co.th, Amarin TV: amarintv.com, Workpoint Today: workpointtoday.com, Thai News Agency (TNA): mcot.net, Siam Rath: siamrath.co.th, Naew Na: naewna.co.th, Bright Today: brighttoday.tv, The Standard: thestandard.co, Prachatai: prachatai.org",18
Asia,Vietnam,English newspapers list in Vietnam,"Vietnam News: vietnamnews.vn, VN Express International: e.vnexpress.net, The Saigon Times: english.thesaigontimes.vn, Tuoi Tre News: tuoitrenews.vn, Vietnam Insider: vietnaminsider.vn, The Hanoi Times: hanoitimes.vn, Vietnam Plus: en.vietnamplus.vn, Thanh Nien News: thanhnien.vn, The Voice of Vietnam (VOV World): vovworld.vn, SGGP News (English Edition): sggp.org.vn",10
Asia,Vietnam,Vietnamese newspapers list in Vietnam,"VnExpress: vnexpress.net, Tuoi Tre: tuoitre.vn, Thanh Nien: thanhnien.vn, Nguoi Lao Dong: nld.com.vn, Zing News: zingnews.vn, Dantri: dantri.com.vn, VietNamNet: vietnamnet.vn, Kenh14: kenh14.vn, Bao Moi: baomoi.com, Sai Gon Giai Phong: sggp.org.vn, Lao Dong: laodong.vn, Tien Phong: tienphong.vn, VietnamFinance: vietnamfinance.vn, Phap Luat Online: plo.vn, CafeF: cafef.vn",15
Asia,Yemen,Arabic-Language Publications,"Al-Thawra: althawrah.ye, Al-Ayyam: al-ayyam.info, Al-Masirah: almasirah.net, Aden Al-Ghad: adenalghad.net, Yemen Press: yemen-press.com, Saba News Agency: sabanew.net, Al-Watan: alwattan.net, Mareb Press: marebpress.net, Khabar Agency: khabaragency.net, Yemen Shabab: yemen-shabab.com, Al-Sahwa Net: alsahwa-yemen.net, Al-Mahrah Post: almahrahpost.com, Yemen Monitor: yemenmonitor.com, Yemen Now: yemen-now.com, Akhbar Alyom: akhbaralyom.net, Al-Nida: alnedaa.com, Yemen Net: yemennet.net, Al-Sahafah 24: alsahafa24.com",18
Asia,Yemen,English-Language Publications,"Yemen Times: yementimes.com, Al-Masdar Online: almasdaronline.com, Yemen Post: yemenpost.net, South24: south24.net, Debriefer: debriefer.net",5
Europe,Bosnia and Herzegovina,Bosnian/Croatian/Serbian-Language Publications,"Dnevni Avaz: avaz.ba, Oslobođenje: oslobodjenje.ba, Klix.ba: klix.ba, N1 BiH: ba.n1info.com, Balkan Insight: balkaninsight.com, Radio Slobodna Evropa (RSE): slobodnaevropa.org, Al Jazeera Balkans: balkans.aljazeera.net, Nezavisne Novine: nezavisne.com, Glas Srpske: glas-srpske.com, Federalna TV: federalna.ba, BN TV: bn.tv, Patria: patria.ba, Vijesti.ba: vijesti.ba, Moja Hercegovina: mojahercegovina.com, Hercegovina.info: hercegovina.info, Buka: 6yka.com, Žurnal: zurnal.info, Start BiH: startbih.com, Depo Portal: depo.ba, Faktor.ba: faktor.ba, Dani: bhdani.ba, Slobodna Bosna: slobodna-bosna.ba",22
Europe,Bosnia and Herzegovina,English-Language Publications,"Sarajevo Times: sarajevotimes.com, The Bosnia Times: thebosniatimes.com, Balkan Investigative Reporting Network (BIRN): birn.eu.com, TransConflict: transconflict.com, Balkan Diskurs: balkandiskurs.com",5
Europe,Bosnia and Herzegovina,Multilingual & Niche Publications,"Politicki.ba: politicki.ba, Visit Bosnia: visit-bosnia.ba",2
Europe,Bulgaria,Bulgarian-Language Publications,"Dnevnik: dnevnik.bg, Capital: capital.bg, 24 Chasa: 24chasa.bg, Trud: trud.bg, Sega: segabg.com, Mediapool: mediapool.bg, Blitz.bg: blitz.bg, Bulgaria ON AIR: bgonair.bg, Nova.bg: nova.bg, Dir.bg: dir.bg, OffNews: offnews.bg, Faktor.bg: faktor.bg, Vesti.bg: vesti.bg, Pik.bg: pik.bg, ClubZ: clubz.bg",15
Europe,Bulgaria,English-Language Publications,"The Sofia Globe: sofiaglobe.com, Novinite (Sofia News Agency): novinite.com, Bulgarian News Agency (BTA): bta.bg, BNR (Bulgarian National Radio - English): bnr.bg, BulgariaTravelNews: bulgariatravelnews.com",5
Europe,Bulgaria,Regional & Specialized Publications,"Plovdiv24: plovdiv24.bg, Moreto.net (Varna): moreto.net, BurgasNews: burgasnews.com, Economic.bg: economic.bg, Sportal.bg: sportal.bg, Actualno.com: actualno.com, Banker.bg: banker.bg, Legalworld.bg: legalworld.bg",8
Europe,Bulgaria,Turkish & Minority Language Publications,"Zaman Bulgaria (Turkish): zaman.bg, Hak ve Özgürlükler (Turkish): hakveozgurlukler.com, Duma: duma.bg",3
Europe,Croatia,Croatian-Language Publications,"Večernji List: vecernji.hr, Jutarnji List: jutarnji.hr, 24sata: 24sata.hr, Novi List: novilist.hr, Slobodna Dalmacija: slobodnadalmacija.hr, Tportal: tportal.hr, Index.hr: index.hr, Dnevnik.hr: dnevnik.hr, Nacional: nacional.hr, Glas Slavonije: glasslavonije.hr, Poslovni Dnevnik: poslovni.hr, Lider: lider.media, Zadarski List: zadarskilist.hr, Telegram: telegram.hr, Net.hr: net.hr, Direktno.hr: direktno.hr, Hrvatska Danas: hrvatskadanas.com, Hrvatski Tjednik: hrvatski-tjednik.hr, Morski.hr: morski.hr, Zagreb.info: zagreb.info",20
Europe,Croatia,English-Language Publications,"Croatia Week: croatiaweek.com, Total Croatia News: total-croatia-news.com, The Dubrovnik Times: dubrovniktimes.com",3
Europe,Croatia,Minority & Other Language Publications,"La Voce del Popolo: editfiume.info, Novosti: novosti.hr, Klasje naših ravni: hrvatski-helsinki.hr, Pannon Magazin: pannonmagazin.com, Deutsche Zeitung: deutsche-zeitung.hr, Žurnal: zurnal.hr, Radio Istra: radioistra.hr, Hrvatsko Slovo: hrvatsko-slovo.hr",8
Europe,France,Business Financial,"La Tribune: latribune.fr, Boursorama: boursorama.com",2
Europe,France,English-Language Bilingual,"The Connexion: connexionfrance.com, France 24 (English): france24.com, Le Monde Diplomatique (English): mondediplo.com",3
Europe,France,French-Language National Newspapers,"Le Monde: lemonde.fr, Le Figaro: lefigaro.fr, Libération (Libé): liberation.fr, Les Échos: lesechos.fr, La Croix: la-croix.com",5
Europe,France,Investigative Niche Outlets,"Mediapart: mediapart.fr, Le Canard Enchaîné: lecanardenchaine.fr, Charlie Hebdo: charliehebdo.fr",3
Europe,France,Lifestyle Culture,"Télérama: telerama.fr, L’Obs: nouvelobs.com, Elle France: elle.fr",3
Europe,France,Politics Ideological Press,"L’Humanité: humanite.fr, Valeurs Actuelles: valeursactuelles.com, Politis: politis.fr",3
Europe,France,Regional Local Highlights,"Nice-Matin: nicematin.com, La Provence: laprovence.com",2
Europe,France,Regional Newspapers,"Ouest-France: ouest-france.fr, Sud Ouest: sudouest.fr, La Voix du Nord: lavoixdunord.fr, Le Dauphiné Libéré: ledauphine.com",4
Europe,France,Sports,"RMC Sport: rmcsport.bfmtv.com, France Football: francefootball.fr",2
Europe,France,Tabloids Popular Press,"Le Parisien / Aujourd’hui en France: leparisien.fr, L’Équipe: lequipe.fr, 20 Minutes: 20minutes.fr",3
Europe,Italy,Business Financial News,"Milano Finanza: milanofinanza.it, Wall Street Italia: wallstreetitalia.com",2
Europe,Italy,Digital-First Niche Outlets,"Fanpage: fanpage.it, HuffPost Italia: huffingtonpost.it, Sky TG24: tg24.sky.it",3
Europe,Italy,English-Language News,"The Local Italy: thelocal.it, Wanted in Rome: wantedinrome.com, Italy News: italynews.online",3
Europe,Italy,Italian-Language National Newspapers (Italiano),"Corriere della Sera: corriere.it, la Repubblica: repubblica.it, La Stampa: lastampa.it, Il Sole 24 Ore: ilsole24ore.com, Il Fatto Quotidiano: ilfattoquotidiano.it",5
Europe,Italy,Regional Local Newspapers,"Il Resto del Carlino: ilrestodelcarlino.it, La Nazione: lanazione.it, Il Mattino: ilmattino.it, Il Gazzettino: ilgazzettino.it, Alto Adige: altoadige.it",5
Europe,Italy,Sports Special Interest,"Tuttosport: tuttosport.com, Corriere dello Sport: corrieredellosport.it",2
Europe,Italy,Tabloids Popular Press,"La Gazzetta dello Sport: gazzetta.it, Leggo: leggo.it, Il Messaggero: ilmessaggero.it, Il Giornale: ilgiornale.it, Avvenire: avvenire.it",5
Europe,Romania,English-Language Publications,"Romania Insider: romania-insider.com, The Romania Journal: romaniajournal.ro, Bucharest Herald: bucharestherald.com, Business Review: business-review.eu, Emerging Europe: emerging-europe.com, Transylvania Now: transylvanianow.com",6
Europe,Romania,German-Language Publications (for Romania’s German minority),"Allgemeine Deutsche Zeitung für Rumänien (ADZ): adz.ro, Hermannstädter Zeitung: hermannstaedter.ro",2
Europe,Romania,Hungarian-Language Publications (for Romania’s Hungarian minority),"Krónika: kronika.ro, Szabadság: szabadsag.ro, Erdélyi Napló: erdelyinaplo.ro, Maszol: maszol.ro",4
Europe,Romania,Other Minority & Multilingual Publications,"Roma Times (Romani-language & Romanian): romatimes.ro, Ukrainians of Romania (Ukrainian & Romanian): ukrainians.ro, Observatorul (Italian-Romanian): observatorul.com",3
Europe,Romania,Romanian-Language Publications,"Digi24: digi24.ro, Gândul: gandul.ro, Adevărul: adevarul.ro, Libertatea: libertatea.ro, HotNews.ro: hotnews.ro, Mediafax: mediafax.ro, Evenimentul Zilei: evz.ro, Pro TV News: stirileprotv.ro, Romania Liberă: romanialibera.ro, Ziarul Financiar: zf.ro, Bursa.ro: bursa.ro, DC News: dcnews.ro, Observator: observator.tv, Agerpres: agerpres.ro, Antena 3 CNN: antena3.ro, Realitatea.net: realitatea.net, Capital: capital.ro, Click!: click.ro, Unica: unica.ro",19
Europe,Spain,Business Financial News,"Expansión: expansion.com, Cinco Días: cincodias.elpais.com",2
Europe,Spain,Catalan-Language Newspapers (Català),"Ara: ara.cat, El Punt Avui: elpuntavui.cat",2
Europe,Spain,English-Language News Sources,"The Local Spain: thelocal.es, Euro Weekly News: euroweeklynews.com, Majorca Daily Bulletin: majorcadailybulletin.com",3
Europe,Spain,Regional Local Newspapers,"La Voz de Galicia: lavozdegalicia.es, El Correo: elcorreo.com, Diario de Sevilla: diariodesevilla.es, Levante-EMV: levante-emv.com, Heraldo de Aragón: heraldo.es",5
Europe,Spain,Spanish-Language National Newspapers,"El País: elpais.com, El Mundo: elmundo.es, ABC: abc.es, La Vanguardia: lavanguardia.com, El Periódico de Catalunya: elperiodico.com",5
Europe,Spain,Tabloids Popular Press,"Marca: marca.com, AS: as.com, 20 Minutos: 20minutos.es, El Confidencial: elconfidencial.com, El Diario: eldiario.es",5
Europe,Ukraine,English-Language Ukrainian Publications,"Kyiv Independent: kyivindependent.com, The New Voice of Ukraine: english.nv.ua, UkraineWorld: ukraineworld.org, Ukrainska Pravda (English): pravda.com.ua, Ukraine Crisis Media Center: uacrisis.org",5
Europe,Ukraine,Multilingual & Regional Publications,"Ukrinform: ukrinform.ua, Liga.net: news.liga.net, Suspilne News: suspilne.media, Slovo i Dilo: slovoidilo.ua, Radio Svoboda (RFE/RL): radiosvoboda.org",5
Europe,Ukraine,Russian-Language Publications,"Strana.ua: strana.ua, Vesti: vesti.ua, Korrespondent: korrespondent.net, Segodnya: segodnya.ua, Apostrophe: apostrophe.ua, Gordon: gordonua.com",6
Europe,Ukraine,Ukrainian-Language Publications,"Ukrainska Pravda: pravda.com.ua, LB.ua: lb.ua, ZN.UA: zn.ua, Hromadske: hromadske.ua, Censor.NET: censor.net, UNIAN: unian.ua, Espreso.TV: espreso.tv, Radio Free Europe/Radio Liberty (Ukrainian): radiosvoboda.org, Novoe Vremya: nv.ua",9
North America,Costa Rica,Alternative & Digital-Native Media,"Ojo al Voto: ojoalvoto.com, Costa Rica Today: costaricatoday.com, El Colectivo 506: colectivo506.com",3
North America,Costa Rica,Business & Specialized Media,"El Financiero: elfinancierocr.com, El Observador: elobservadorcr.com, Summa: summa.co.cr, EKA: revistaeka.com",4
North America,Costa Rica,English-Language Publications,"The Tico Times: ticotimes.net, Q Costa Rica: qcostarica.com, Costa Rica Star: news.co.cr, Costa Rica Relocation Tours: relocationtours.com",4
North America,Costa Rica,Government & Institutional,"La Gaceta: gaceta.go.cr, ICOM: icom.ucr.ac.cr",2
North America,Costa Rica,Indigenous & Bilingual,Sulá Batsú: sulabatsu.com,1
North America,Costa Rica,Regional & Local Outlets,"El País CR: elpais.cr, La Voz de Guanacaste: vozdeguanacaste.com, Periódico Mensaje: periodicomensaje.com, El Guardián: elguardian.cr, Hoy en el Sur: hoyenelsur.com",5
North America,Costa Rica,Spanish-Language Publications (National & Digital Outlets),"La Nación: nacion.com, Diario Extra: diarioextra.com, La República: larepublica.net, CRHoy: crhoy.com, AmeliaRueda.com: ameliarueda.com, Semanario Universidad: semanariouniversidad.com, El Mundo CR: elmundo.cr, Delfino.cr: delfino.cr, Columbia: columbia.co.cr, Costa Rica Noticias: costaricanoticias.com",10
North America,Dominican Republic,English-Language Publications,"Dominican Today: dominicanToday.com, The Santo Domingo Times: santodomingotimes.com, DR1: dr1.com",3
North America,Dominican Republic,Other Language & Niche Publications,"Haiti Libre: haitilibre.com, Ahora News: ahoranews.com, Dominican Central: dominicancentral.com, Caribbean Journal: caribjournal.com, Dominican Watchman: dominicanwatchman.org, Bavaro News: bavaronews.com, Santiago Times: santiagotimes.cl",7
North America,Dominican Republic,Spanish-Language Publications (Major National Newspapers),"Listín Diario: listindiario.com, Diario Libre: diariolibre.com, Hoy: hoy.com.do, El Nacional: elnacional.com.do, El Día: eldia.com.do, El Caribe: elcaribe.com.do, Acento: acento.com.do, Noticias SIN: noticiassin.com, Remolacha: remolacha.net, El Jaya: eljaya.com",10
North America,Haiti,English-Language & Bilingual Publications,"Haitian Times: haitiantimes.com, Haiti Sentinel: sentinel.ht, Haiti Open: haitiopen.com, The Caribbean Post: thecaribbeanpost.net, Global Press Journal (Haiti Bureau): globalpressjournal.com",5
North America,Haiti,French-Language Publications (Primary Language),"Le Nouvelliste: lenouvelliste.com, Le National: lenational.org, Haiti Libre: haitilibre.com, Métropole Haiti: metropolehaiti.com, Haïti Tempo: haititempo.com, Loop Haiti: loopnews.com, Juno7: juno7.ht, Radio Télévision Caraïbes (RTC): rtc.ht, Haiti24: haiti24.net, Rezo Nòdwès: rezonodwes.com",10
North America,Haiti,Haitian Creole Publications,"AyiboPost: ayibopost.com, Bòlèt: boletnouvelles.com, Lakou Kajou: lakoukajou.org, Haiti Observer: haitiobserver.com, Zanmi Lasante: zanmilasante.org",5
North America,Haiti,Multilingual & International Coverage,"AlterPresse: alterpresse.org, Miami Herald (Haiti Coverage): miamiherald.com, Voice of America (Haiti Creole Service): voanouvel.com, BBC News (Haiti Section): bbc.com, Reuters (Haiti Updates): reuters.com, Associated Press (Haiti News): apnews.com, France 24 (Haiti Coverage): france24.com, Telesur (Haiti News): telesurenglish.net, NACLA (Haiti Updates): nacla.org, Haiti Now: haitinow.org",10
North America,Honduras,Alternative & Digital-Native Media,"Pasos de Animal Grande: pasosdeanimalgrande.com, Aquelarre.hn: aquelarre.hn, GatoEncerrado HN: gatoencerrado.hn",3
North America,Honduras,Business & Economic Focus,"Revista Estrategia & Negocios: estrategiaynegocios.net, Honduras Industrial: hondurasindustrial.com, El Economista.hn: eleconomista.hn",3
North America,Honduras,English-Language Publications (Expats & International),"Honduras News: hondurasnews.com, Bay Islands Voice: bayislandsvoice.com, Honduras This Week: ",3
North America,Honduras,Government & Institutional,"Conatel: conatel.gob.hn, Poder Judicial: poderjudicial.gob.hn",2
North America,Honduras,Indigenous & Afro-Honduran Media,"Radio La Voz Lenca: radiolavozlenca.org, ODECO Radio: odecohn.net, COPINH: copinh.org",3
North America,Honduras,Regional & Hyperlocal Outlets,"El Libertador (Choluteca): ellibertador.hn, La Noticia (Siguatepeque): lanoticia.hn, El Articulista (Santa Bárbara): elarticulista.net",3
North America,Honduras,Spanish-Language Publications (National & Regional),"El Heraldo: elheraldo.hn, La Prensa: laprensa.hn, La Tribuna: latribuna.hn, Proceso Digital: proceso.hn, Criterio.hn: criterio.hn, ContraCorriente: contracorriente.red, Radio Progreso (ERIC): radioprogresohn.net, HonduDiario: hondu.com, Tiempo Digital: tiempo.hn, Hondudiario: hondudiario.com",10
North America,Honduras,Sports & Entertainment,"Diez: diez.hn, Honduras Tips: hondurastips.hn",2
North America,Mexico,English-Language Publications (Mexico-Focused News),"Mexico News Daily: mexiconewsdaily.com, The Yucatán Times: theyucatantimes.com, Mexico Daily Post: mexicodailypost.com, Inside Mexico: insidemex.com, The Mazatlán Post: themazatlanpost.com",5
North America,Mexico,Spanish-Language Publications (Major National & Regional),"El Universal: eluniversal.com.mx, Reforma: reforma.com, La Jornada: jornada.com.mx, Excelsior: excelsior.com.mx, Milenio: milenio.com, El Financiero: elfinanciero.com.mx, Proceso: proceso.com.mx, El Economista: eleconomista.com.mx, El Sol de México: elsoldemexico.com.mx, SinEmbargo: sinembargo.mx, Animal Político: animalpolitico.com, Aristegui Noticias: aristeguinoticias.com, El Heraldo de México: heraldodemexico.com.mx, La Razón: razon.com.mx, El Norte: elnorte.com",15
North America,United States,Asian-Language & Multilingual News Platforms,"AsAm News: asamnews.com, India Abroad: indiaabroad.com, Hindustan Times US: hindustantimes.com, FilAm Star: filamstar.com, Vietnamese News Today: vietnamnews.vn",5
North America,United States,Chinese-Language Newspapers & News Sites,"World Journal: worldjournal.com, Sing Tao Daily: singtao.ca, China Daily USA: chinadaily.com.cn",3
North America,United States,English-Language Newspapers & News Sites,"The New York Times: nytimes.com, The Washington Post: washingtonpost.com, Los Angeles Times: latimes.com, USA Today: usatoday.com, The Wall Street Journal: wsj.com, Bloomberg: bloomberg.com, The Atlantic: theatlantic.com, NBC News: nbcnews.com, CBS News: cbsnews.com, Reuters: reuters.com",10
North America,United States,Korean-Language Newspapers & News Sites,"Korean Times: koreatimes.com, Korea Daily: koreadaily.com",2
North America,United States,Spanish-Language Newspapers & News Sites,"El Nuevo Herald: elnuevoherald.com, La Opinión: laopinion.com, El Universal: eluniversal.com.mx, La Raza: laraza.com",4
South America,Argentina,Digital-Only & Alternative News Sites,"Chequeado: chequeado.com, Cosecha Roja: cosecharoja.org, Letra P: letrap.com.ar, El Destape: eldestapeweb.com, A24: a24.com",5
South America,Argentina,English-Language Publications,"Buenos Aires Herald: buenosairesherald.com, The Argentina Independent: argentinaindependent.com, Perfil (English Section): perfil.com",3
South America,Argentina,Regional & Local Newspapers,"La Voz del Interior: lavoz.com.ar, Los Andes: losandes.com.ar, La Capital: lacapital.com.ar, El Tribuno: eltribuno.com, Río Negro: rionegro.com.ar",5
South America,Argentina,Spanish-Language Publications (Major National Newspapers),"Clarín: clarin.com, La Nación: lanacion.com.ar, Página/12: pagina12.com.ar, Ámbito Financiero: ambito.com, Infobae: infobae.com, El Cronista: cronista.com, Télam: telam.com.ar",7
South America,Bolivia,Broadcast & Digital-Only Outlets,"ATB Digital: atb.com.bo, Red Uno: reduno.com.bo, Bolivia TV: boliviatv.bo, Erbol: erbol.com.bo",4
South America,Bolivia,English-Language Bolivia Coverage,"Bolivia Weekly: boliviaweekly.com, Andean Information Network: ain-bolivia.org, Bolivia Reports: boliviareports.com",3
South America,Bolivia,Indigenous Language & Bilingual Media,"Jiwasa: jiwasa.org, Ñuqanchik: radiofonias.com.bo, Guarani Ñanduti: ipsp.bo",3
South America,Bolivia,Regional/Local Papers,"El Alteño: elalteno.com.bo, Extra: extra.com.bo, El País: elpais.bo",3
South America,Bolivia,Spanish-Language Mainstream Media,"El Deber: eldeber.com.bo, La Razón: la-razon.com, Los Tiempos: lostiempos.com, Página Siete: paginasiete.bo, Opinión: opinion.com.bo, El Diario: eldiario.net, Correo del Sur: correodelsur.com, El Potosí: elpotosi.net",8
South America,Bolivia,Special Interest Publications,"Energy Press: energypress.com.bo, La Época: laepoca.bo, Oxígeno: oxigeno.bo, Brújula Digital: brujuladigital.net",4
South America,Brazil,Additional Notables News Media List,"Metrópoles: metropoles.com, Poder360: poder360.com.br, G1: g1.globo.com, BBC Brasil: bbc.com, El País Brasil: brasil.elpais.com, Revista Piauí: piaui.folha.uol.com.br, CartaCapital: cartacapital.com.br, Jornal do Commercio: jc.com.br, O Povo: opovo.com.br, Gazeta Mercantil: gazetamercantil.com.br, Brasil de Fato: brasildefato.com.br, O Antagonista: oantagonista.com, Revista Época: epoca.globo.com, IstoÉ: istoedinheiro.com.br, Jornal da USP: jornal.usp.br, Le Monde Diplomatique Brasil: diplomatique.org.br, The São Paulo Times: saopaulotimes.com, Al Jazeera Brasil: aljazeera.com, DW Brasil: dw.com, Sputnik Brasil: br.sputniknews.com, China Today (Portuguese): portuguese.cri.cn, Jornal Nikkey: nikkeyshimbun.com.br, Jornal do Imigrante: jornaldoimigrante.com.br, Correio Nagô: correionago.com.br, Índios Online: indiosonline.org.br, Revista Cult: revistacult.uol.com.br",26
South America,Brazil,Business & Financial,"Valor Econômico: valor.com.br, Exame: exame.com",2
South America,Brazil,English-Language Publications,"The Rio Times: riotimesonline.com, Brazilian Report: brazilian.report, Agência Brasil (English): agenciabrasil.ebc.com.br",3
South America,Brazil,Investigative & Alternative,"The Intercept Brasil: theintercept.com, Nexo Jornal: nexojornal.com.br",2
South America,Brazil,Major Portuguese-Language Publications,"Folha de S.Paulo: folha.uol.com.br, O Globo: oglobo.globo.com, Estadão: estadao.com.br, Veja: veja.abril.com.br, UOL: uol.com.br",5
South America,Brazil,Regional Powerhouses,"Zero Hora: gauchazh.clicrbs.com.br, Diário do Nordeste: diariodonordeste.verdesmares.com.br, Gazeta do Povo: gazetadopovo.com.br",3
South America,Colombia,Cultural & Lifestyle Magazines,"Arcadia: revistaarcadia.com, Cromos: cromos.com.co, SoHo: soho.co, Jet-Set: jetset.com.co",4
South America,Colombia,Digital-Only & Alternative News Sites,"La Silla Vacía: lasillavacia.com, Pacifista!: pacifista.co, Cerosetenta: 070.com.co, Rutas del Conflicto: rutasdelconflicto.com, El Turbión: elturbion.com",5
South America,Colombia,Economic & Business Publications,"Dinero: dinero.com, La Nota Económica: lanota.com.co, Bloomberg Línea Colombia: bloomberglinea.com",3
South America,Colombia,English-Language Publications,"The Bogotá Post: thebogotapost.com, Colombia Reports: colombiareports.com, El Tiempo (English Section): eltiempo.com",3
South America,Colombia,Regional & Local Newspapers,"El País (Cali): elpais.com.co, El Universal (Cartagena): eluniversal.com.co, Vanguardia Liberal: vanguardia.com, El Nuevo Día (Ibagué): elnuevodia.com.co, La Opinión (Cúcuta): laopinion.com.co",5
South America,Colombia,Spanish-Language Publications (Major National Newspapers),"El Tiempo: eltiempo.com, El Espectador: elespectador.com, Semana: semana.com, La República: larepublica.co, El Colombiano: elcolombiano.com, El Heraldo: elheraldo.co, Portafolio: portafolio.co",7
South America,Colombia,Sports & Specialized Media,"Antena 2: antena2.com, Gol Caracol: golcaracol.com, Fútbol Red: futbolred.com",3
South America,Peru,Digital-Only & Alternative News Sites,"Ojo Público: ojopublico.com, IDL-Reporteros: idl-reporteros.pe, Wayka: wayka.pe, Sudaca: sudaca.pe, La Mula: lamula.pe",5
South America,Peru,English-Language Publications,"Peru Reports: perureports.com, The Peruvian Times: peruviantimes.com, Living in Peru: livinginperu.com",3
South America,Peru,Regional & Local Newspapers,"El Pueblo: elpueblo.com.pe, La Industria: laindustria.pe, Sí: diariosiyo.pe, El Chino: diarioelchino.pe, Ahora: ahorapuno.com.pe",5
South America,Peru,Spanish-Language Publications (Major National Newspapers),"El Comercio: elcomercio.pe, La República: larepublica.pe, Gestión: gestion.pe, Perú21: peru21.pe, Trome: trome.pe, Correo: correo.pe, Expreso: expreso.com.pe",7
